-- MySQL dump 10.13  Distrib 8.0.40, for Win64 (x86_64)
--
-- Host: 18.205.133.168    Database: libreria
-- ------------------------------------------------------
-- Server version	8.0.41-0ubuntu0.22.04.1

/*!40101 SET @OLD_CHARACTER_SET_CLIENT=@@CHARACTER_SET_CLIENT */;
/*!40101 SET @OLD_CHARACTER_SET_RESULTS=@@CHARACTER_SET_RESULTS */;
/*!40101 SET @OLD_COLLATION_CONNECTION=@@COLLATION_CONNECTION */;
/*!50503 SET NAMES utf8mb4 */;
/*!40103 SET @OLD_TIME_ZONE=@@TIME_ZONE */;
/*!40103 SET TIME_ZONE='+00:00' */;
/*!40014 SET @OLD_UNIQUE_CHECKS=@@UNIQUE_CHECKS, UNIQUE_CHECKS=0 */;
/*!40014 SET @OLD_FOREIGN_KEY_CHECKS=@@FOREIGN_KEY_CHECKS, FOREIGN_KEY_CHECKS=0 */;
/*!40101 SET @OLD_SQL_MODE=@@SQL_MODE, SQL_MODE='NO_AUTO_VALUE_ON_ZERO' */;
/*!40111 SET @OLD_SQL_NOTES=@@SQL_NOTES, SQL_NOTES=0 */;

--
-- Table structure for table `AUTOR`
--

DROP TABLE IF EXISTS `AUTOR`;
/*!40101 SET @saved_cs_client     = @@character_set_client */;
/*!50503 SET character_set_client = utf8mb4 */;
CREATE TABLE `AUTOR` (
  `ID_autor` int NOT NULL,
  `Nombre` varchar(45) DEFAULT NULL,
  `Apellido1` varchar(45) DEFAULT NULL,
  `Apellido2` varchar(45) DEFAULT NULL,
  PRIMARY KEY (`ID_autor`)
) ENGINE=InnoDB DEFAULT CHARSET=utf8mb3;
/*!40101 SET character_set_client = @saved_cs_client */;

--
-- Dumping data for table `AUTOR`
--

LOCK TABLES `AUTOR` WRITE;
/*!40000 ALTER TABLE `AUTOR` DISABLE KEYS */;
INSERT INTO `AUTOR` VALUES (1,'Gearard','Gozzard','Carrasco'),(2,'Morgen','Domnin','Puente'),(3,'Meghan','Cathenod','Ferrán'),(4,'Melantha','Ivashintsov','Perez'),(5,'Demeter','Ferry','Roldán'),(6,'Rodina','Screas','Fuertes'),(7,'Ranique','Jubert','Manrique'),(8,'Demetri','Haglington','Guerrero'),(9,'Sol','Capener','Esparza'),(10,'Millie','Crowcroft','Carreño'),(11,'Jocko','Guyers','Carrasco'),(12,'Opaline','Ros','Guardiola'),(13,'Tammi','Cowely','Benitez'),(14,'Drud','Yedall','Peña'),(15,'Frans','Pawlik','Arribas'),(16,'Lanny','Bartholomew','Benavides'),(17,'Marwin','Kiessel','Robledo'),(18,'Charlene','Sarra','Hernández'),(19,'Janis','Hatterslay','Silva'),(20,'Deny','Oxx','Riquelme'),(21,'Stacey','Hunnaball','Mate'),(22,'Gregoor','Watts','Olivares'),(23,'Holden','Charlwood','Díez'),(24,'Jilly','Hamman','Oller'),(25,'Tabatha','Minguet','Valverde'),(26,'Eugen','Levet','Coronado'),(27,'Wayne','Asmus','García'),(28,'Josey','Batkin','Galindo'),(29,'Rivalee','Waylett','Grande'),(30,'Angelle','Klain','Gálvez'),(31,'Bobina','Kestle','Rovira'),(32,'Enriqueta','Andrysiak','Armengol'),(33,'Gerda','McIlhagga','Pont'),(34,'Luce','Critchley','Arnal'),(35,'Garreth','Penberthy','Llabrés'),(36,'Steffane','Baysting','Bermudez'),(37,'Ruby','Brabin','Catalá'),(38,'Ulrick','Sainteau','Escribano'),(39,'Roslyn','Freshwater','Morante'),(40,'Franny','Heinicke','León'),(41,'Rafael','Faber','Galván'),(42,'Damara','Overall','Saura'),(43,'Belle','Eric','Asensio'),(44,'Moore','Jerche','Olmedo'),(45,'Leonard','Dearman','Gálvez'),(46,'Ario','Hicks','Macias'),(47,'Bax','Cunrado','Iñiguez'),(48,'Patsy','Lackington','Córdoba'),(49,'Ema','Beacroft','Cobo'),(50,'Sapphire','Mouncey','Gargallo'),(51,'Clarie','MacGiffin','Redondo'),(52,'Damian','Selwood','Mateo'),(53,'Annabel','Sangwine','Cánovas'),(54,'Ruthy','Husher','Trillo'),(55,'Dasya','Matityahu','Serrano'),(56,'Shannon','Langdon','Sosa'),(57,'Lela','Bunkle','Morán'),(58,'Syd','Warriner','Orozco'),(59,'Kyrstin','Kliemann','Luján'),(60,'Dena','Slocombe','Mosquera'),(61,'Burl','Callf','Hernandez'),(62,'Emmalee','Kordes','Carreras'),(63,'Upton','Mashro','Sales'),(64,'Kathye','Jan','Codina'),(65,'Carey','Cradduck','Artigas'),(66,'Kenna','Grichukhin','Cámara'),(67,'Godart','Elgee','Quintero'),(68,'Bunny','Mabon','Clemente'),(69,'Beverley','Sauven','Briones'),(70,'Camella','Dyter','Pons'),(71,'Delphine','Crosdill','Salas'),(72,'Vaclav','Olle','Prada'),(73,'Dougie','Meaney','Marí'),(74,'Rachelle','Maplethorpe','Pont'),(75,'Zacharie','Rossoni','Guijarro'),(76,'Miriam','Bumphries','Torres'),(77,'Mitzi','Colles','Romero'),(78,'Erasmus','Ciobotaru','Diaz'),(79,'Lem','Girodin','Soto'),(80,'Chelsea','Apfler','Lopez'),(81,'Adda','Redihough','Ibáñez'),(82,'Holmes','Flowerdew','Mármol'),(83,'Billie','Nuschke','Agudo'),(84,'Nicol','Delacourt','Gimenez'),(85,'Merilee','Hardern','Pallarès'),(86,'Sascha','McGeaney','Cases'),(87,'Haily','Schurig','Cuéllar'),(88,'Abdel','Arthurs','Asenjo'),(89,'Lyndsie','Illingworth','Tomas'),(90,'Gui','Ellaway','Dávila'),(91,'Honey','Negus','Solera'),(92,'Perl','Norcross','Cárdenas'),(93,'Theo','Darbishire','Diez'),(94,'Jamima','Springle','Quintana'),(95,'Trev','Schule','Puig'),(96,'Cammy','Landal','Larrea'),(97,'Roderigo','Sarfatti','Garrido'),(98,'Fiann','Topaz','Aller'),(99,'Witty','Pomphrey','Merino'),(100,'Felicity','Jedrysik','Arce'),(101,'Prentice','Sydenham','Cuadrado'),(102,'Corilla','Cripwell','Manuel'),(103,'Wilbur','Velti','Solano'),(104,'Bennie','Barnish','Palmer'),(105,'Yuri','Truce','Blázquez'),(106,'Monty','Kivits','Izaguirre'),(107,'Morgen','Simony','Calatayud'),(108,'Yurik','Swatheridge','Mármol'),(109,'Ursula','Dowse','Jordán'),(110,'Myrle','Matic','Zamorano'),(111,'Aubrey','De Maria','Elorza'),(112,'Ichabod','Kubal','Quesada'),(113,'Ingeborg','Tuttiett','Seco'),(114,'Bob','Bryan','Aguilar'),(115,'Jobye','Dohr','Romeu'),(116,'Fiorenze','Imesen','Codina'),(117,'Aron','Gillie','Piñeiro'),(118,'Barnabas','Knyvett','Crespi'),(119,'Melamie','Gate','Saavedra'),(120,'Lindsey','Dinning','Figueras'),(121,'Northrop','Gellier','Hervia'),(122,'Kattie','Ramiro','Bayón'),(123,'Constantia','Kinney','Sala'),(124,'Analiese','Corcut','Olivera'),(125,'Skyler','Tireman','Gabaldón'),(126,'Faye','Norquay','Cabrera'),(127,'Verine','Armitage','Bastida'),(128,'Melisse','Oakley','Bernal'),(129,'Graehme','Eastby','Sandoval'),(130,'Chan','Ridgewell','Huerta'),(131,'Korrie','Klimowski','Valentín'),(132,'Ilise','Jobey','Melero'),(133,'Robbie','Bugdall','Tormo'),(134,'Brendan','Tales','Sebastián'),(135,'Emiline','Dehmel','Verdugo'),(136,'Arin','Di Franceshci','Molina'),(137,'Lillis','Phizakarley','Robledo'),(138,'Madeline','Avory','Arias'),(139,'Valry','Beckers','López'),(140,'Delmer','Murra','Romero'),(141,'Ambrose','Adao','Ibáñez'),(142,'Brandyn','Spacey','Arjona'),(143,'Rhoda','Bendan','Abad'),(144,'Doro','Grece','Peralta'),(145,'Tessie','Bernat','Cañete'),(146,'Nehemiah','Lehrahan','Narváez'),(147,'Ogdon','Luno','Arias'),(148,'Vinson','McIlreavy','Echevarría'),(149,'Caryl','Rosencwaig','Gascón'),(150,'Karalynn','Losty','Palma'),(151,'Zelma','Hincks','Gárate'),(152,'Welby','Mattevi','Falcón'),(153,'Leslie','Hulke','Navarrete'),(154,'Jillie','Finney','Gimeno'),(155,'Christina','Nicholl','Iglesias'),(156,'Analiese','Schwant','Mendez'),(157,'Oliver','Buttrey','Sanmiguel'),(158,'Amalle','Haime','Castillo'),(159,'Ali','Hake','Baquero'),(160,'Reece','Salters','Mayoral'),(161,'Kennith','Tomaszynski','Madrigal'),(162,'Umeko','Brimfield','Rozas'),(163,'Kiri','Domerq','Sáenz'),(164,'Lynnell','Ormistone','Ayllón'),(165,'Moses','Klimkowski','Teruel'),(166,'Blakeley','Bramer','Vaquero'),(167,'Tannie','Silkston','Amaya'),(168,'Helsa','Bridle','Oller'),(169,'Wolfgang','Askem','Plaza'),(170,'Killian','McKie','Gutiérrez'),(171,'Jerad','Beviss','Arjona'),(172,'Jennine','Davidow','Barberá'),(173,'Daisie','Hobgen','Gámez'),(174,'Adena','Vallis','Reyes'),(175,'Ariella','Headrick','Gomila'),(176,'Sargent','Russilll','Casals'),(177,'Pat','Woodthorpe','Peláez'),(178,'Riki','Hamblin','Araujo'),(179,'Kellen','Bertenshaw','Castell'),(180,'Britteny','Fridlington','Narváez'),(181,'Friederike','Revitt','Puig'),(182,'Faulkner','Hansard','Ferrando'),(183,'Kyla','Hens','Llabrés'),(184,'Robers','Swinn','Peñalver'),(185,'Reinhard','Pasquale','Hurtado'),(186,'Ardis','Freeth','Garcés'),(187,'Emlen','Gordon-Giles','Bejarano'),(188,'Denise','Davidof','Berenguer'),(189,'Eddi','O\'Canavan','Calleja'),(190,'Josey','Beardon','Ramírez'),(191,'Rufe','Paulou','Bauzà'),(192,'Zorah','Hallibone','Luna'),(193,'Darrelle','Boydon','Rius'),(194,'Douglass','Chastey','Frutos'),(195,'Rowen','Thames','Mayo'),(196,'Mikel','Stammer','Morán'),(197,'Franny','MacIntyre','Acedo'),(198,'Clive','Master','Casanova'),(199,'Emmerich','Saylor','Abella'),(200,'Ingaberg','Corson','Andrés'),(201,'Rourke','O\'Sherin','Cabrero'),(202,'Bryana','Battabee','Uriarte'),(203,'Kyla','Shearman','Berenguer'),(204,'Reider','Goracci','Oller'),(205,'Tiebold','Beeken','Cases'),(206,'Meridith','MacCathay','Español'),(207,'Inna','Cripwell','Marco'),(208,'Aprilette','Osmint','Soler'),(209,'Bron','Rous','Gimenez'),(210,'Christy','Syrie','Casado'),(211,'Sherri','O\'Fielly','Hidalgo'),(212,'Roxanna','Morais','Rodrigo'),(213,'Howie','Don','Rodrigo'),(214,'Andie','Coleyshaw','Prado'),(215,'Noe','Allman','Quirós'),(216,'Shannah','Stickings','Amor'),(217,'Erny','Lillgard','Reina'),(218,'Florinda','Raigatt','Camacho'),(219,'Pierette','Crowden','Torralba'),(220,'Biron','Carnelley','Machado'),(221,'Simmonds','Densell','Escribano'),(222,'Deidre','Greschik','Valera'),(223,'Thalia','Noweak','Escudero'),(224,'Benny','Bruce','Taboada'),(225,'Wilek','Linklater','Cal'),(226,'Melicent','Bounde','Comas'),(227,'Baily','Binnie','Morante'),(228,'Lonnard','Insworth','Larrea'),(229,'Teddie','Maw','Abril'),(230,'Brandyn','Truscott','Nieto'),(231,'Danyelle','Huddy','Roca'),(232,'Thayne','Ruecastle','Pazos'),(233,'Deva','Dunan','Valle'),(234,'Nathanial','Simons','Izaguirre'),(235,'Thomasina','Hickisson','Ferrández'),(236,'Tracie','Castillo','Bravo'),(237,'Deanne','Edgworth','Huerta'),(238,'Corinna','Clemmensen','Arnaiz'),(239,'Lisle','Bulcock','Palomo'),(240,'Loralee','Yarnell','Haro'),(241,'Chester','Tathacott','Camacho'),(242,'Kathe','Udy','Montenegro'),(243,'Lisbeth','Ternouth','Bautista'),(244,'Ricki','Ccomini','Burgos'),(245,'Rena','Southcoat','Fuertes'),(246,'Fallon','Colleran','Salazar'),(247,'Hamilton','Brisker','Feliu'),(248,'Umeko','Elger','Esteban'),(249,'Margaux','Sweetman','Colomer'),(250,'Olivier','Husband','Villar'),(251,'Idell','Claricoates','Caballero'),(252,'Dore','Ernshaw','Verdugo'),(253,'Dulci','Wanden','Diez'),(254,'Estele','Maestrini','Nebot'),(255,'Elene','Aguirre','Cortés'),(256,'Misti','Pouck','Escribano'),(257,'Norry','Lohmeyer','Acosta'),(258,'Nerissa','Swine','Naranjo'),(259,'Gaspard','Habard','Ojeda'),(260,'Eddie','Tinston','Núñez'),(261,'Far','Eefting','Artigas'),(262,'Gae','Gallemore','Agullo'),(263,'Artemas','Josskowitz','Bustos'),(264,'Etty','Venmore','Lumbreras'),(265,'Elbertine','Creaney','Barrio'),(266,'Marylin','Bigmore','Rocamora'),(267,'Shauna','Medgwick','Daza'),(268,'Cesare','Segar','Quiroga'),(269,'Gladi','Olensby','Tur'),(270,'Zerk','Watmough','Martí'),(271,'Korrie','Eglaise','Gutierrez'),(272,'Rube','Marusyak','Ugarte'),(273,'Niki','Toderini','Mayo'),(274,'Travis','Romney','Arjona'),(275,'Gussi','Dessent','Meléndez'),(276,'Amie','Alliker','Busquets'),(277,'Kaycee','Shord','Morcillo'),(278,'Toma','Castelluzzi','Calvet'),(279,'Lil','Gentner','Melero'),(280,'Anabel','Abrahams','Quintanilla'),(281,'Obed','Springett','Torralba'),(282,'Cassie','Cristofari','Vilaplana'),(283,'Jamal','Anwell','Camacho'),(284,'Skipton','Ferguson','Cuevas'),(285,'Lorianna','Orrill','Bonet'),(286,'Dominique','Kassman','Yuste'),(287,'Wiley','Dunston','Carvajal'),(288,'Buckie','Slimm','Santiago'),(289,'Jeralee','Kendle','Espejo'),(290,'Forrester','Forgan','Corominas'),(291,'Candis','Dorbon','Diego'),(292,'Sidnee','Ensten','Iriarte'),(293,'Ange','Bouchard','Segovia'),(294,'Stefano','Jeannet','Iñiguez'),(295,'Larisa','Youngman','Garriga'),(296,'Tim','Ascough','España'),(297,'Consolata','Durrington','Crespo'),(298,'Rafe','Waddy','Zurita'),(299,'Currey','Mennithorp','Ariza'),(300,'Sylas','Hartburn','Gallego'),(301,'Meg','Clarey','Fajardo'),(302,'Parke','Fain','Falcón'),(303,'Pierson','Whistlecraft','Guillen'),(304,'Ryan','Fullerlove','Posada'),(305,'Dulcinea','Leber','Calzada'),(306,'Nissy','Cross','Larrea'),(307,'Paula','Hitscher','Zorrilla'),(308,'Maxie','Comolli','Agullo'),(309,'Tiebout','Avey','Orozco'),(310,'Shoshana','De La Salle','Franco'),(311,'Alejandro','Getty','Novoa'),(312,'Simeon','Humpherston','Viana'),(313,'Lida','Kleinstein','Perera'),(314,'Miltie','Vasilyonok','Anglada'),(315,'Colan','Whitfeld','Alegria'),(316,'Adel','Malshinger','Tovar'),(317,'Wendel','Bill','Casanovas'),(318,'Osbert','Maryman','Sala'),(319,'Jerald','Hempshall','Núñez'),(320,'Ceciley','Panchen','Murcia'),(321,'Benjy','McGeouch','Barrio'),(322,'Keslie','Maddock','Villar'),(323,'Elsa','Shankle','Casares'),(324,'Sonia','Coomer','Castellanos'),(325,'Pryce','Sharville','Campoy'),(326,'Aleen','Walstow','Amorós'),(327,'Shellie','Comoletti','Romeu'),(328,'Kahaleel','Martignoni','Casal'),(329,'Cletus','McQuode','Fuertes'),(330,'Louella','Bateup','Milla'),(331,'Olympe','Jobson','Company'),(332,'Sebastiano','Cockman','Correa'),(333,'Charline','Hudspith','Acedo'),(334,'Gayle','McInility','Tello'),(335,'Christiano','Daglish','Lara'),(336,'Creight','Brydon','Marín'),(337,'Jordan','Crellim','Cornejo'),(338,'Loralyn','Mariolle','Company'),(339,'Evaleen','Hellewell','Pineda'),(340,'Jeane','Henriet','Reina'),(341,'Yuma','Bousler','Tur'),(342,'Dennison','Scholer','Salazar'),(343,'Lanna','Brose','Carro'),(344,'Alessandro','Pepis','Izaguirre'),(345,'Chet','Gronaller','Mayoral'),(346,'Yulma','Cartmell','Velasco'),(347,'Berton','Bealing','Herrera'),(348,'Angelica','Linskey','Cuevas'),(349,'Daveen','Jarrold','Castell'),(350,'Elsa','McGilvra','Asenjo'),(351,'Nadya','Gibbieson','Zorrilla'),(352,'Queenie','Peters','Garriga'),(353,'Mahala','Currum','Barceló'),(354,'Drew','Logsdail','Ariño'),(355,'Cristina','Leopard','Montenegro'),(356,'Eli','Gerok','Márquez'),(357,'Pinchas','Golton','Alcaraz'),(358,'Cammi','Pitt','Medina'),(359,'Rena','Buxam','Hervia'),(360,'Mitchael','Issacson','Prado'),(361,'Maudie','de Clerq','Font'),(362,'Tito','Wynett','Canals'),(363,'Kelley','Bellison','Tena'),(364,'Mart','Batthew','Sancho'),(365,'Noak','Richford','Carbajo'),(366,'Elston','Monteith','Bayón'),(367,'Rita','Grewer','Carreño'),(368,'Leopold','Vardie','Clavero'),(369,'Mallissa','Shalders','Sáenz'),(370,'Durand','Heintzsch','Bastida'),(371,'Janenna','Fortescue','Planas'),(372,'Hale','Biggins','Peñalver'),(373,'Caril','Tampling','Pomares'),(374,'Ruttger','Pude','Blanes'),(375,'Belinda','Godfery','Carvajal'),(376,'Lurette','Osbourn','Marti'),(377,'Margalit','Roycroft','Pellicer'),(378,'Clarine','Staddon','Alberola'),(379,'Debby','Risborough','Cerezo'),(380,'Donetta','Davioud','Feijoo'),(381,'Dell','Cheng','Alberola'),(382,'Scott','Lyptrade','Casals'),(383,'Chiarra','Acaster','Miralles'),(384,'Desirae','Sustin','Reyes'),(385,'Maureene','Tabram','Gámez'),(386,'Helen-elizabeth','Oloshin','Cervantes'),(387,'Katrine','McCann','Miguel'),(388,'Mar','Innett','Salgado'),(389,'Ruperto','Trehearne','Conesa'),(390,'Kahaleel','Maddern','Gil'),(391,'Hewet','Stanex','Fuster'),(392,'Karlie','Brearton','Coll'),(393,'Karney','Witherop','Blazquez'),(394,'Nelson','Lepope','Zabala'),(395,'Hanson','Larway','Rovira'),(396,'Claire','Frew','Domingo'),(397,'Letisha','Brazelton','Arias'),(398,'Broderic','Bulward','Carro'),(399,'Logan','Aldersley','Almeida'),(400,'Ketti','Hurtic','Zabaleta'),(401,'Alick','Shapcott','Baños'),(402,'Christophorus','Gentiry','Cantón'),(403,'Frederigo','Trotton','Chico'),(404,'Vinson','Trulocke','Corbacho'),(405,'Vlad','Gomby','Sáez'),(406,'Shaw','Inggall','Agullo'),(407,'Foss','Hindmore','Bayo'),(408,'Tiffy','Gozzett','Álamo'),(409,'Giffy','Jermy','Gaya'),(410,'Chrotoem','Cockshoot','Gomez'),(411,'Delbert','D\'Antoni','Abella'),(412,'Travus','Faunt','Girón'),(413,'Lisbeth','Girardeau','Carlos'),(414,'Rowland','Philippson','Elorza'),(415,'Arnoldo','Talboy','Fuertes'),(416,'Zondra','Lowdeane','Campoy'),(417,'Tamera','Conti','Ferrández'),(418,'Hannis','Razoux','Cuesta'),(419,'Carleton','Stronge','Quiroga'),(420,'Barbra','Goudman','Ferrández'),(421,'Lu','Gemson','Acevedo'),(422,'Grethel','Crutchley','Portillo'),(423,'Kirbee','Slocombe','Casares'),(424,'Burton','Carwardine','Nicolás'),(425,'Daryl','O\'Hoey','Sacristán'),(426,'Hedvige','Ornils','Marín'),(427,'Augustus','Weeds','Barranco'),(428,'Stephanus','Morphet','Goicoechea'),(429,'Nye','Lanfranchi','Pineda'),(430,'Leelah','Brookzie','Saldaña'),(431,'Dareen','Gyurko','Noriega'),(432,'Ricard','Westnedge','Hernandez'),(433,'Jeff','Gyves','Arranz'),(434,'Manny','Durden','Barreda'),(435,'Lyndell','Fantone','Nogueira'),(436,'Levon','Kees','Crespi'),(437,'Fredia','Redgrove','Canals'),(438,'Emili','Berringer','Alfonso'),(439,'Sherrie','Bestwerthick','Pagès'),(440,'Kameko','Fritchley','Grande'),(441,'Ozzy','Loble','Amorós'),(442,'Jackie','Speck','Ríos'),(443,'Bari','Legges','Piña'),(444,'Gray','Gianninotti','Sánchez'),(445,'Flss','Plimmer','Calzada'),(446,'Doretta','Presidey','Linares'),(447,'Fredericka','Smalley','Sarmiento'),(448,'Noami','Monteith','Casares'),(449,'Darleen','Mourant','Lago'),(450,'Nichole','Whether','Duque'),(451,'Jinny','Kupis','Jódar'),(452,'Rhonda','Elmer','Osuna'),(453,'Tyrone','Becom','Puga'),(454,'Hiram','Pignon','Marqués'),(455,'Willabella','Balle','Riquelme'),(456,'Flin','Gioani','Garrido'),(457,'Jereme','Fearnyhough','Páez'),(458,'Yves','Durman','Morales'),(459,'Stefanie','Dodman','Perales'),(460,'Lonny','Stefanovic','Perea'),(461,'Wildon','Sails','Bello'),(462,'Grant','Small','Salamanca'),(463,'Nadean','Novill','Pi'),(464,'Libbey','Losbie','Rocamora'),(465,'Andreas','Robbert','Pedraza'),(466,'Saudra','Drowsfield','Saldaña'),(467,'Shelden','Dwelling','Giralt'),(468,'Arlyn','Lamberton','Ordóñez'),(469,'Mikaela','Paterson','Peñalver'),(470,'Giacomo','McEnhill','Asensio'),(471,'Haroun','Hammond','Arias'),(472,'Amalle','Youd','Puig'),(473,'Wilhelmina','Cluff','Huertas'),(474,'Jamey','Beese','Villaverde'),(475,'Beverlie','Tidbury','Montaña'),(476,'Fee','McChesney','Diez'),(477,'Selma','Scarman','Pavón'),(478,'Alena','Bennike','Peral'),(479,'Yehudi','Shoulders','Montoya'),(480,'Harriett','Whellams','Casares'),(481,'Neale','Foucar','Gonzalo'),(482,'Dorey','Waymont','Narváez'),(483,'Agretha','Crampsy','Fiol'),(484,'Darb','Dunley','Morell'),(485,'Stanislaw','Scandred','Lozano'),(486,'Mara','Tybalt','Viana'),(487,'Ileana','Billingsly','Montoya'),(488,'Zachary','Voaden','Cortes'),(489,'Daren','Hucker','Bonet'),(490,'Kassandra','Zarb','Navarro'),(491,'Danyette','Tankus','Gámez'),(492,'Alysa','Johantges','Uribe'),(493,'Curcio','Allum','Frutos'),(494,'See','Welbrock','Losa'),(495,'Leelah','Nicklen','Esteban'),(496,'Hans','Moorfield','Corbacho'),(497,'Ekaterina','Lambirth','Castro'),(498,'Barrett','Durnan','Alcolea'),(499,'Yovonnda','Tabour','Morán'),(500,'Gwenny','Sondon','Pedraza'),(501,'Gabriel','García','Márquez');
/*!40000 ALTER TABLE `AUTOR` ENABLE KEYS */;
UNLOCK TABLES;

--
-- Table structure for table `CLIENTE`
--

DROP TABLE IF EXISTS `CLIENTE`;
/*!40101 SET @saved_cs_client     = @@character_set_client */;
/*!50503 SET character_set_client = utf8mb4 */;
CREATE TABLE `CLIENTE` (
  `ID_cliente` int NOT NULL,
  `Nombre` varchar(45) DEFAULT NULL,
  `Apellido1` varchar(45) DEFAULT NULL,
  `Apellido2` varchar(45) DEFAULT NULL,
  `Email` varchar(45) DEFAULT NULL,
  `Telefono` varchar(45) DEFAULT NULL,
  PRIMARY KEY (`ID_cliente`)
) ENGINE=InnoDB DEFAULT CHARSET=utf8mb3;
/*!40101 SET character_set_client = @saved_cs_client */;

--
-- Dumping data for table `CLIENTE`
--

LOCK TABLES `CLIENTE` WRITE;
/*!40000 ALTER TABLE `CLIENTE` DISABLE KEYS */;
INSERT INTO `CLIENTE` VALUES (1,'Cyrillus','Carrasco','Gozzard','carrasco@email.com','+86 520 646 1037'),(2,'Dani','Puente','Domnin','ddickerline1@dropbox.com','+86 978 730 0030'),(3,'Jeremie','Ferrán','Cathenod','jhaigh2@fotki.com','+66 330 787 5581'),(4,'Estel','Perez','Ivashintsov','ecasiero3@un.org','+86 328 641 5554'),(5,'Courtney','Roldán','Ferry','cbrideaux4@smh.com.au','+81 694 617 5483'),(6,'Andre','Fuertes','Screas','abaskerfield5@theatlantic.com','+63 390 734 1891'),(7,'Harriett','Manrique','Jubert','hverman6@nba.com','+84 165 267 9146'),(8,'Levon','Guerrero','Haglington','lchillingsworth7@msn.com','+254 803 151 6999'),(9,'Damiano','Esparza','Capener','dcopsey8@deliciousdays.com','+84 663 934 4399'),(10,'Shannon','Carreño','Crowcroft','seynaud9@pen.io','+86 412 222 6168'),(11,'Vicky','Carrasco','Guyers','vwixona@gravatar.com','+962 220 774 3016'),(12,'Liuka','Guardiola','Ros','lhummerstonb@china.com.cn','+62 635 803 0066'),(13,'Stevena','Benitez','Cowely','sbonseyc@abc.net.au','+1 122 381 3879'),(14,'Jorge','Peña','Yedall','jrainerd@nydailynews.com','+63 183 912 4909'),(15,'Rollo','Arribas','Pawlik','rosmare@opensource.org','+54 372 857 4086'),(16,'Corly','Benavides','Bartholomew','clebromf@nps.gov','+86 163 169 3150'),(17,'Amalle','Robledo','Kiessel','atillyerg@rakuten.co.jp','+86 103 432 4100'),(18,'Shalne','Hernández','Sarra','sfidelerh@wired.com','+62 271 288 6316'),(19,'Trevor','Silva','Hatterslay','tkinnieri@state.tx.us','+63 322 642 0986'),(20,'Web','Riquelme','Oxx','wmaypowderj@home.pl','+48 656 552 8316'),(21,'Dermot','Mate','Hunnaball','dkaynek@discovery.com','+7 196 322 7348'),(22,'Dodi','Olivares','Watts','dbrunningl@acquirethisname.com','+55 556 231 4204'),(23,'Veda','Díez','Charlwood','vstreatfeildm@pbs.org','+51 316 860 8597'),(24,'Taddeo','Oller','Hamman','tstedelln@digg.com','+62 447 443 4504'),(25,'Jobye','Valverde','Minguet','joertzeno@123-reg.co.uk','+1 213 471 1288'),(26,'Celie','Coronado','Levet','cbaudreyp@amazon.com','+7 937 761 4509'),(27,'Joel','García','Asmus','jgilliceq@soup.io','+55 616 374 5361'),(28,'Merv','Galindo','Batkin','mdornr@trellian.com','+351 648 947 9725'),(29,'Hurleigh','Grande','Waylett','hhumess@amazonaws.com','+86 374 471 0246'),(30,'Camel','Gálvez','Klain','cgerget@de.vu','+30 586 837 2355'),(31,'Siward','Rovira','Kestle','sblackleyu@topsy.com','+86 692 617 6538'),(32,'Eberhard','Armengol','Andrysiak','ebenoyv@ucla.edu','+51 152 917 1131'),(33,'Bernete','Pont','McIlhagga','brousw@webs.com','+63 931 931 6704'),(34,'Taddeo','Arnal','Critchley','tcabbellx@telegraph.co.uk','+48 674 428 8369'),(35,'Chryste','Llabrés','Penberthy','cwhewayy@nifty.com','+86 799 288 7802'),(36,'Koren','Bermudez','Baysting','kcheccuzziz@shareasale.com','+51 293 832 4912'),(37,'Elset','Catalá','Brabin','emcisaac10@facebook.com','+58 624 931 1035'),(38,'Letti','Escribano','Sainteau','lcovell11@com.com','+81 131 888 8397'),(39,'Etta','Morante','Freshwater','emedwell12@nydailynews.com','+54 806 664 7363'),(40,'Bathsheba','León','Heinicke','bbrede13@gnu.org','+381 481 418 7405'),(41,'Jamill','Galván','Faber','jfentem14@taobao.com','+264 423 547 1664'),(42,'Mahala','Saura','Overall','mpond15@wordpress.org','+351 539 759 7769'),(43,'Byram','Asensio','Eric','breuven16@amazon.de','+62 612 656 6715'),(44,'Quinn','Olmedo','Jerche','qmcaless17@mit.edu','+63 724 691 7895'),(45,'Lissy','Gálvez','Dearman','lhayball18@google.cn','+66 162 729 5929'),(46,'Aron','Macias','Hicks','aweale19@prlog.org','+996 985 910 5141'),(47,'Deeyn','Iñiguez','Cunrado','dayers1a@utexas.edu','+46 383 830 0355'),(48,'Hubie','Córdoba','Lackington','hobeney1b@amazon.co.jp','+63 407 907 2252'),(49,'Jim','Cobo','Beacroft','jblogg1c@seattletimes.com','+354 607 620 0233'),(50,'Cassandra','Gargallo','Mouncey','cdanilchik1d@nifty.com','+33 699 566 3778'),(51,'Cristie','Redondo','MacGiffin','cdisman1e@cafepress.com','+86 563 320 2426'),(52,'Kris','Mateo','Selwood','khoulridge1f@pbs.org','+27 830 247 3970'),(53,'Charo','Cánovas','Sangwine','cluther1g@wix.com','+51 996 740 2133'),(54,'Joanne','Trillo','Husher','jcockrem1h@si.edu','+86 367 785 5561'),(55,'Stace','Serrano','Matityahu','sfairman1i@eventbrite.com','+86 645 943 3615'),(56,'Myrah','Sosa','Langdon','mconduit1j@slashdot.org','+387 613 284 9981'),(57,'Myrwyn','Morán','Bunkle','mcogzell1k@tinypic.com','+63 362 661 0049'),(58,'Roma','Orozco','Warriner','rcraigmile1l@icio.us','+44 569 416 6300'),(59,'Finlay','Luján','Kliemann','fpurviss1m@blog.com','+86 833 658 0215'),(60,'Noam','Mosquera','Slocombe','nleathard1n@angelfire.com','+63 644 576 7464'),(61,'Jennine','Hernandez','Callf','jolijve1o@indiatimes.com','+55 471 253 8657'),(62,'Harry','Carreras','Kordes','hbeaman1p@msn.com','+86 951 428 2669'),(63,'Wat','Sales','Mashro','wlomb1q@booking.com','+63 686 274 7833'),(64,'Rosamund','Codina','Jan','rpigdon1r@vistaprint.com','+95 770 380 0400'),(65,'Agretha','Artigas','Cradduck','amacranald1s@thetimes.co.uk','+62 837 469 1604'),(66,'Stephanie','Cámara','Grichukhin','schastagnier1t@mozilla.com','+86 744 715 0955'),(67,'Penni','Quintero','Elgee','phallstone1u@bbc.co.uk','+62 895 917 3914'),(68,'Merrile','Clemente','Mabon','mcodeman1v@tripod.com','+7 223 632 4376'),(69,'Marchall','Briones','Sauven','mtantrum1w@deviantart.com','+351 498 346 7079'),(70,'Shem','Pons','Dyter','sdelaperrelle1x@fotki.com','+1 339 919 7413'),(71,'Gabrila','Salas','Crosdill','gtoma1y@msn.com','+51 874 129 0005'),(72,'Royal','Prada','Olle','rlindsell1z@sohu.com','+62 985 188 7770'),(73,'Ivette','Marí','Meaney','isemered20@tinypic.com','+7 449 964 6233'),(74,'Winnie','Pont','Maplethorpe','whocking21@vistaprint.com','+86 821 654 4505'),(75,'Anica','Guijarro','Rossoni','astrudwick22@imdb.com','+355 382 571 5547'),(76,'Arlette','Torres','Bumphries','akiddell23@newsvine.com','+351 814 380 7132'),(77,'Palmer','Romero','Colles','prussilll24@altervista.org','+380 307 152 6911'),(78,'Shena','Diaz','Ciobotaru','squakley25@blogtalkradio.com','+383 135 344 0195'),(79,'Kippy','Soto','Girodin','kshorthill26@de.vu','+63 134 406 3197'),(80,'Martie','Lopez','Apfler','mdidello27@qq.com','+502 134 701 3319'),(81,'Christy','Ibáñez','Redihough','crammell28@ifeng.com','+86 705 899 2343'),(82,'Vivyanne','Mármol','Flowerdew','vkee29@diigo.com','+63 870 652 5267'),(83,'Yasmin','Agudo','Nuschke','ysimmers2a@wired.com','+98 143 666 5459'),(84,'Ivor','Gimenez','Delacourt','ipitcaithly2b@dropbox.com','+351 862 211 6879'),(85,'La verne','Pallarès','Hardern','lbelz2c@ezinearticles.com','+251 719 208 0405'),(86,'Remy','Cases','McGeaney','rchatteris2d@pagesperso-orange.fr','+7 649 743 9495'),(87,'Truda','Cuéllar','Schurig','tlindell2e@virginia.edu','+51 291 166 9728'),(88,'Alene','Asenjo','Arthurs','ahowse2f@altervista.org','+64 534 116 2538'),(89,'Gerhardine','Tomas','Illingworth','gheeks2g@webmd.com','+86 598 561 3720'),(90,'Thomas','Dávila','Ellaway','tgladman2h@microsoft.com','+258 266 248 7532'),(91,'Anabelle','Solera','Negus','ajelphs2i@sbwire.com','+63 551 421 0028'),(92,'Mirabel','Cárdenas','Norcross','mfishburn2j@google.pl','+967 905 284 7557'),(93,'Bambie','Diez','Darbishire','bchristaeas2k@miibeian.gov.cn','+66 610 437 7078'),(94,'Sharla','Quintana','Springle','scrumbleholme2l@yellowpages.com','+234 369 148 4409'),(95,'Cristian','Puig','Schule','cstamps2m@wordpress.com','+48 631 925 7736'),(96,'Ethe','Larrea','Landal','eclissold2n@hhs.gov','+358 224 184 4828'),(97,'Iormina','Garrido','Sarfatti','imougenel2o@google.es','+57 604 187 9216'),(98,'Benedicto','Aller','Topaz','boscannill2p@salon.com','+63 519 822 0506'),(99,'Lee','Merino','Pomphrey','lfarmer2q@loc.gov','+46 119 410 6207'),(100,'Sky','Arce','Jedrysik','slooker2r@hud.gov','+63 318 454 0879'),(101,'Bendix','Cuadrado','Sydenham','bsuggey2s@storify.com','+353 219 855 7492'),(102,'Kale','Manuel','Cripwell','kvolke2t@intel.com','+48 428 189 5499'),(103,'Kai','Solano','Velti','kskitterel2u@people.com.cn','+86 127 186 0181'),(104,'Collin','Palmer','Barnish','cmaddern2v@example.com','+509 317 569 9294'),(105,'Spence','Blázquez','Truce','sproctor2w@woothemes.com','+86 544 759 9193'),(106,'Druci','Izaguirre','Kivits','dbonus2x@cyberchimps.com','+33 710 156 1640'),(107,'Haydon','Calatayud','Simony','hboxall2y@indiegogo.com','+55 688 960 3545'),(108,'Cindra','Mármol','Swatheridge','chansill2z@angelfire.com','+351 558 107 3137'),(109,'Felic','Jordán','Dowse','fbliben30@usatoday.com','+53 255 589 0032'),(110,'Averil','Zamorano','Matic','apollard31@slate.com','+81 812 231 9167'),(111,'Andreas','Elorza','De Maria','asplain32@etsy.com','+1 544 115 6264'),(112,'Bendick','Quesada','Kubal','bmargarson33@printfriendly.com','+86 754 836 5915'),(113,'Marigold','Seco','Tuttiett','mserris34@de.vu','+86 447 429 1608'),(114,'Rosetta','Aguilar','Bryan','raimson35@seattletimes.com','+60 134 794 9936'),(115,'Florentia','Romeu','Dohr','fravilious36@apache.org','+86 790 238 8523'),(116,'Obadias','Codina','Imesen','obuttner37@theglobeandmail.com','+251 187 769 5234'),(117,'Hedwiga','Piñeiro','Gillie','hjaggli38@oaic.gov.au','+1 760 932 6028'),(118,'Seka','Crespi','Knyvett','sroyste39@elegantthemes.com','+86 505 396 9889'),(119,'Errick','Saavedra','Gate','echeston3a@booking.com','+358 865 204 1216'),(120,'Karine','Figueras','Dinning','kminihan3b@icq.com','+62 826 635 5966'),(121,'Tina','Hervia','Gellier','tbatrim3c@umn.edu','+62 837 235 8654'),(122,'Barret','Bayón','Ramiro','bdelafield3d@biglobe.ne.jp','+420 218 375 9531'),(123,'Terry','Sala','Kinney','tdrinan3e@123-reg.co.uk','+242 518 965 7788'),(124,'Corliss','Olivera','Corcut','claurence3f@samsung.com','+86 494 555 2520'),(125,'Morry','Gabaldón','Tireman','mperry3g@auda.org.au','+86 819 450 6618'),(126,'Bertha','Cabrera','Norquay','baizik3h@163.com','+86 883 719 2488'),(127,'Niko','Bastida','Armitage','nmcglashan3i@auda.org.au','+86 740 483 7555'),(128,'Allina','Bernal','Oakley','apidler3j@jimdo.com','+255 579 242 4673'),(129,'Horace','Sandoval','Eastby','hsiddens3k@furl.net','+381 751 119 9705'),(130,'Marc','Huerta','Ridgewell','mbucke3l@gravatar.com','+31 553 744 2540'),(131,'Millicent','Valentín','Klimowski','mevason3m@slate.com','+81 828 267 6237'),(132,'Egor','Melero','Jobey','ebourton3n@nps.gov','+420 420 440 2053'),(133,'Sayer','Tormo','Bugdall','stainton3o@mozilla.org','+1 425 996 8690'),(134,'Ingrid','Sebastián','Tales','imullaly3p@rakuten.co.jp','+84 544 325 7797'),(135,'Jo','Verdugo','Dehmel','jleyborne3q@ebay.com','+30 508 703 0769'),(136,'Joshia','Molina','Di Franceshci','jbaythrop3r@army.mil','+385 487 780 0711'),(137,'Arte','Robledo','Phizakarley','amacartney3s@dmoz.org','+62 619 927 5506'),(138,'Kippie','Arias','Avory','kmathey3t@alibaba.com','+1 556 826 5020'),(139,'Marthe','López','Beckers','mparell3u@weebly.com','+420 866 314 7943'),(140,'Orlando','Romero','Murra','ocallaway3v@cocolog-nifty.com','+48 174 417 5894'),(141,'Martguerita','Ibáñez','Adao','mkirkbride3w@i2i.jp','+63 501 780 4507'),(142,'Tildy','Arjona','Spacey','tashness3x@spotify.com','+30 828 569 2424'),(143,'Odell','Abad','Bendan','obelliveau3y@xinhuanet.com','+420 686 765 6913'),(144,'William','Peralta','Grece','whammersley3z@pinterest.com','+7 370 172 7422'),(145,'Betty','Cañete','Bernat','bsonger40@cocolog-nifty.com','+62 247 934 1025'),(146,'Sigismund','Narváez','Lehrahan','scuckson41@exblog.jp','+374 601 811 0557'),(147,'Rance','Arias','Luno','rdurban42@ocn.ne.jp','+55 710 961 0821'),(148,'Sibel','Echevarría','McIlreavy','sdeehan43@umn.edu','+95 634 188 4157'),(149,'Aguie','Gascón','Rosencwaig','amamwell44@amazon.de','+27 542 182 3204'),(150,'Selie','Palma','Losty','showroyd45@slate.com','+1 702 678 7850'),(151,'Juieta','Gárate','Hincks','jdimaria46@posterous.com','+62 270 525 1814'),(152,'Stephana','Falcón','Mattevi','surey47@microsoft.com','+420 502 131 0251'),(153,'Faustina','Navarrete','Hulke','fharrald48@ocn.ne.jp','+86 980 521 1354'),(154,'Bettine','Gimeno','Finney','bmallinar49@addthis.com','+62 986 769 5350'),(155,'Luis','Iglesias','Nicholl','lhawton4a@cnet.com','+998 793 435 2077'),(156,'Eirena','Mendez','Schwant','ekloster4b@umn.edu','+52 686 143 2192'),(157,'Gabey','Sanmiguel','Buttrey','gmacconnal4c@theguardian.com','+62 101 367 9946'),(158,'Anderea','Castillo','Haime','apollicott4d@cbslocal.com','+81 718 606 1234'),(159,'Ilsa','Baquero','Hake','ifinder4e@thetimes.co.uk','+62 104 841 7175'),(160,'Viva','Mayoral','Salters','vchaffen4f@rakuten.co.jp','+81 595 643 2079'),(161,'Boyd','Madrigal','Tomaszynski','bcorteney4g@163.com','+51 839 425 1787'),(162,'Almeta','Rozas','Brimfield','ahadaway4h@psu.edu','+7 207 600 4059'),(163,'Melonie','Sáenz','Domerq','mvalencia4i@soup.io','+30 210 219 2074'),(164,'Corty','Ayllón','Ormistone','csolloway4j@va.gov','+31 277 388 2725'),(165,'Nobie','Teruel','Klimkowski','nlownes4k@purevolume.com','+55 269 487 0417'),(166,'Shirlene','Vaquero','Bramer','sathersmith4l@ucoz.ru','+1 466 453 9978'),(167,'Alon','Amaya','Silkston','asaffen4m@reuters.com','+354 328 836 4590'),(168,'Waldon','Oller','Bridle','waldwick4n@mapquest.com','+1 661 368 4913'),(169,'Lucila','Plaza','Askem','lphil4o@pagesperso-orange.fr','+48 923 193 3551'),(170,'Merissa','Gutiérrez','McKie','mrae4p@foxnews.com','+62 967 109 5809'),(171,'Emlynne','Arjona','Beviss','ewintersgill4q@addthis.com','+975 193 344 6950'),(172,'Rozalin','Barberá','Davidow','rjerrans4r@army.mil','+506 124 297 6456'),(173,'Raven','Gámez','Hobgen','rmunnery4s@addtoany.com','+62 647 746 5597'),(174,'Ches','Reyes','Vallis','cjanicki4t@twitpic.com','+48 867 807 2371'),(175,'Lillian','Gomila','Headrick','ltamplin4u@tinyurl.com','+62 712 517 9653'),(176,'Cesya','Casals','Russilll','ccoggeshall4v@t.co','+64 367 292 4671'),(177,'Cort','Peláez','Woodthorpe','cbonass4w@tripod.com','+53 334 502 0027'),(178,'Horatius','Araujo','Hamblin','honeill4x@dot.gov','+49 480 633 1811'),(179,'Georas','Castell','Bertenshaw','gclemmen4y@msn.com','+62 480 305 8222'),(180,'Lenore','Narváez','Fridlington','lhaack4z@typepad.com','+86 142 453 4163'),(181,'Allister','Puig','Revitt','afoxen50@icio.us','+420 684 780 7844'),(182,'Avictor','Ferrando','Hansard','amacguffie51@pen.io','+46 722 567 9214'),(183,'Tamiko','Llabrés','Hens','tbraidon52@jalbum.net','+7 725 617 0532'),(184,'Shirleen','Peñalver','Swinn','sjedrzejczyk53@free.fr','+46 307 583 7644'),(185,'Orsa','Hurtado','Pasquale','ofranckton54@sakura.ne.jp','+34 216 928 0534'),(186,'Percy','Garcés','Freeth','pfoakes55@howstuffworks.com','+504 624 594 1516'),(187,'Delly','Bejarano','Gordon-Giles','dhabbert56@amazon.com','+234 601 654 3173'),(188,'Susanna','Berenguer','Davidof','sthomassen57@paypal.com','+33 829 815 8294'),(189,'Persis','Calleja','O\'Canavan','pslorance58@phpbb.com','+261 960 943 1492'),(190,'Raddie','Ramírez','Beardon','rsummersett59@soup.io','+7 287 596 0471'),(191,'Berry','Bauzà','Paulou','brois5a@phoca.cz','+48 302 602 0584'),(192,'Joey','Luna','Hallibone','jduns5b@ehow.com','+81 547 647 6900'),(193,'Sim','Rius','Boydon','sdudding5c@dell.com','+93 899 241 6423'),(194,'Lilly','Frutos','Chastey','llambie5d@addthis.com','+86 844 124 8830'),(195,'Laureen','Mayo','Thames','labarrow5e@apple.com','+359 239 889 9292'),(196,'Giustina','Morán','Stammer','gheliot5f@pinterest.com','+591 233 622 4410'),(197,'Tana','Acedo','MacIntyre','tflood5g@yolasite.com','+380 381 686 7681'),(198,'Margaux','Casanova','Master','mbiffen5h@is.gd','+235 361 291 2203'),(199,'Chevalier','Abella','Saylor','ckarlicek5i@craigslist.org','+81 713 933 0676'),(200,'Hermia','Andrés','Corson','hpendock5j@dedecms.com','+62 430 406 7677'),(201,'Onfre','Cabrero','O\'Sherin','otombleson5k@forbes.com','+234 271 915 5299'),(202,'Oona','Uriarte','Battabee','oyanshinov5l@i2i.jp','+47 213 717 1049'),(203,'Glori','Berenguer','Shearman','gcuppitt5m@qq.com','+86 993 762 6379'),(204,'Lyon','Oller','Goracci','lbilofsky5n@issuu.com','+66 718 626 4081'),(205,'Page','Cases','Beeken','penterle5o@bloglovin.com','+62 615 888 5640'),(206,'Winnie','Español','MacCathay','wmcmanamen5p@studiopress.com','+57 209 223 6896'),(207,'Hana','Marco','Cripwell','hnickolls5q@shutterfly.com','+86 890 972 2410'),(208,'Pearce','Soler','Osmint','pgarbar5r@un.org','+374 641 735 8431'),(209,'Shauna','Gimenez','Rous','stimmes5s@discuz.net','+86 819 336 0153'),(210,'Emmit','Casado','Syrie','eflockhart5t@bloglines.com','+7 366 329 3651'),(211,'Lesley','Hidalgo','O\'Fielly','lplose5u@sciencedaily.com','+63 983 373 7701'),(212,'Barde','Rodrigo','Morais','bsoule5v@tumblr.com','+51 807 770 2045'),(213,'Minetta','Rodrigo','Don','mantonoyev5w@msu.edu','+1 689 479 6282'),(214,'Emmett','Prado','Coleyshaw','ebrookwood5x@facebook.com','+33 870 322 4009'),(215,'Bobbi','Quirós','Allman','bsheed5y@yale.edu','+7 909 944 1934'),(216,'Garreth','Amor','Stickings','gansell5z@gov.uk','+86 492 483 2437'),(217,'Donn','Reina','Lillgard','dminot60@who.int','+62 575 409 0485'),(218,'Glenden','Camacho','Raigatt','gseery61@fema.gov','+84 515 279 4668'),(219,'Catharine','Torralba','Crowden','cterran62@theglobeandmail.com','+86 418 675 9669'),(220,'Oswell','Machado','Carnelley','oclitherow63@nih.gov','+7 423 109 1805'),(221,'Sibylle','Escribano','Densell','sstanding64@stanford.edu','+86 470 782 2278'),(222,'Nap','Valera','Greschik','nbeavington65@booking.com','+62 802 355 7459'),(223,'Muriel','Escudero','Noweak','mbradborne66@ovh.net','+63 676 343 1850'),(224,'Erastus','Taboada','Bruce','eambroix67@disqus.com','+46 692 798 3100'),(225,'Parke','Cal','Linklater','pstit68@biblegateway.com','+7 182 438 0908'),(226,'Valeria','Comas','Bounde','vransley69@netvibes.com','+84 214 625 1337'),(227,'Craggy','Morante','Binnie','clevicount6a@blinklist.com','+269 275 683 7519'),(228,'Marni','Larrea','Insworth','mbogaert6b@cpanel.net','+351 806 994 6154'),(229,'Haily','Abril','Maw','hmcallen6c@ow.ly','+63 703 836 2275'),(230,'Son','Nieto','Truscott','shaverty6d@uiuc.edu','+86 318 323 6542'),(231,'Roarke','Roca','Huddy','rklimt6e@livejournal.com','+504 252 695 8214'),(232,'Jillian','Pazos','Ruecastle','jfurneaux6f@studiopress.com','+1 713 672 9105'),(233,'Elberta','Valle','Dunan','egierek6g@ifeng.com','+7 333 999 6291'),(234,'Frederic','Izaguirre','Simons','fbrettelle6h@yelp.com','+62 135 339 5690'),(235,'Melesa','Ferrández','Hickisson','mmcmeekin6i@diigo.com','+86 264 747 3473'),(236,'Helsa','Bravo','Castillo','hcardello6j@vimeo.com','+52 682 722 7848'),(237,'Margot','Huerta','Edgworth','mhush6k@narod.ru','+351 544 710 2400'),(238,'Teddie','Arnaiz','Clemmensen','tswiers6l@wp.com','+420 599 474 2795'),(239,'Nesta','Palomo','Bulcock','ntwoohy6m@etsy.com','+33 202 955 8191'),(240,'Kingsley','Haro','Yarnell','kwillwood6n@nasa.gov','+62 206 705 8249'),(241,'Ragnar','Camacho','Tathacott','rloding6o@foxnews.com','+46 421 140 8497'),(242,'Wileen','Montenegro','Udy','wportwain6p@samsung.com','+49 156 786 5137'),(243,'Felecia','Bautista','Ternouth','fmackellen6q@homestead.com','+54 381 626 2720'),(244,'Ali','Burgos','Ccomini','agenicke6r@wikispaces.com','+86 242 989 5910'),(245,'Sharla','Fuertes','Southcoat','stiernan6s@cdc.gov','+63 981 210 3202'),(246,'Archie','Salazar','Colleran','agreder6t@trellian.com','+86 212 397 4164'),(247,'Papageno','Feliu','Brisker','ppfeiffer6u@ocn.ne.jp','+57 109 610 2948'),(248,'Quintina','Esteban','Elger','qabbes6v@buzzfeed.com','+30 874 621 4092'),(249,'Hill','Colomer','Sweetman','hhampton6w@cornell.edu','+58 510 493 4937'),(250,'Fayre','Villar','Husband','fcubin6x@bizjournals.com','+52 357 308 9439'),(251,'Aurelea','Caballero','Claricoates','aroblett6y@wp.com','+27 947 105 6721'),(252,'Modestia','Verdugo','Ernshaw','mrichford6z@prweb.com','+81 616 449 2869'),(253,'Gabby','Diez','Wanden','gjames70@cdc.gov','+46 984 381 2083'),(254,'Arman','Nebot','Maestrini','afusedale71@reuters.com','+86 719 167 6587'),(255,'Jyoti','Cortés','Aguirre','jcaldaro72@ucsd.edu','+33 743 376 5955'),(256,'Toinette','Escribano','Pouck','tuden73@about.com','+31 246 209 5236'),(257,'Sandy','Acosta','Lohmeyer','sebsworth74@merriam-webster.com','+86 254 885 3081'),(258,'Waldon','Naranjo','Swine','wpittet75@reddit.com','+86 938 656 3238'),(259,'Adiana','Ojeda','Habard','atadman76@guardian.co.uk','+998 262 393 0574'),(260,'Lian','Núñez','Tinston','ltidman77@tamu.edu','+385 751 555 0411'),(261,'Robinette','Artigas','Eefting','rparnby78@indiatimes.com','+86 850 222 8435'),(262,'Harold','Agullo','Gallemore','hgasparro79@comsenz.com','+380 831 217 2361'),(263,'Doloritas','Bustos','Josskowitz','dcalvard7a@ustream.tv','+86 258 575 1883'),(264,'Janis','Lumbreras','Venmore','jbrabbins7b@flavors.me','+86 944 214 8182'),(265,'Eldridge','Barrio','Creaney','ewoolford7c@theatlantic.com','+86 552 454 5252'),(266,'Olympe','Rocamora','Bigmore','omcgarry7d@ftc.gov','+351 283 544 0403'),(267,'Davon','Daza','Medgwick','dlorenz7e@google.es','+7 526 537 0781'),(268,'Arne','Quiroga','Segar','aspellacey7f@youtu.be','+249 423 971 6992'),(269,'Jamie','Tur','Olensby','jbartholin7g@huffingtonpost.com','+46 315 486 6937'),(270,'Zebedee','Martí','Watmough','zbramich7h@wsj.com','+86 294 126 4968'),(271,'Damita','Gutierrez','Eglaise','dbirchenough7i@kickstarter.com','+86 683 934 1700'),(272,'Nerti','Ugarte','Marusyak','nsturge7j@freewebs.com','+33 186 900 9506'),(273,'Carmencita','Mayo','Toderini','cdurnill7k@comsenz.com','+7 518 223 0732'),(274,'Deane','Arjona','Romney','ddefrancesco7l@apache.org','+55 834 796 3944'),(275,'Sula','Meléndez','Dessent','sminnock7m@bloglines.com','+7 149 928 3323'),(276,'Silvia','Busquets','Alliker','sklimas7n@un.org','+86 262 423 9929'),(277,'Oneida','Morcillo','Shord','oritchings7o@whitehouse.gov','+86 949 611 9043'),(278,'Abraham','Calvet','Castelluzzi','akorejs7p@google.com.hk','+86 100 828 0910'),(279,'Susann','Melero','Gentner','sisenor7q@bloglovin.com','+504 571 144 7567'),(280,'Ludvig','Quintanilla','Abrahams','lgoodsir7r@cbc.ca','+63 276 213 6576'),(281,'Shurlocke','Torralba','Springett','swhile7s@macromedia.com','+963 784 803 3838'),(282,'Jillian','Vilaplana','Cristofari','jboddy7t@pcworld.com','+52 959 301 0685'),(283,'Jackquelin','Camacho','Anwell','jwilcinskis7u@wufoo.com','+86 333 779 6902'),(284,'Heinrik','Cuevas','Ferguson','htolan7v@merriam-webster.com','+48 446 599 1964'),(285,'Nikolos','Bonet','Orrill','ngallo7w@amazon.com','+33 832 373 1993'),(286,'Hiram','Yuste','Kassman','holyunin7x@gizmodo.com','+507 101 813 7100'),(287,'Iver','Carvajal','Dunston','ineenan7y@zdnet.com','+62 196 575 8681'),(288,'Rivalee','Santiago','Slimm','rprandy7z@nifty.com','+30 557 886 7871'),(289,'Issie','Espejo','Kendle','iwinsiowiecki80@discovery.com','+55 248 223 9325'),(290,'Carilyn','Corominas','Forgan','cmcpeck81@tmall.com','+86 160 381 9148'),(291,'Dennie','Diego','Dorbon','dwimmers82@europa.eu','+93 803 800 8446'),(292,'Montgomery','Iriarte','Ensten','mmcelhargy83@chicagotribune.com','+216 553 829 8107'),(293,'Kerrie','Segovia','Bouchard','kminelli84@ebay.co.uk','+965 265 886 0232'),(294,'Grady','Iñiguez','Jeannet','gapplegarth85@exblog.jp','+1 102 733 5255'),(295,'Eve','Garriga','Youngman','ebirtwistle86@bbc.co.uk','+386 157 216 2727'),(296,'Brana','España','Ascough','bjanko87@webs.com','+55 756 997 8621'),(297,'Gisele','Crespo','Durrington','grysom88@businessinsider.com','+62 714 894 5266'),(298,'Frederic','Zurita','Waddy','fgibard89@techcrunch.com','+62 626 171 9669'),(299,'Cassius','Ariza','Mennithorp','cnowland8a@slate.com','+351 506 562 2488'),(300,'Romeo','Gallego','Hartburn','rmcdirmid8b@fc2.com','+51 294 701 0047'),(301,'Aloysius','Fajardo','Clarey','agurnee8c@census.gov','+1 212 316 8087'),(302,'Kalvin','Falcón','Fain','knapton8d@weather.com','+55 238 675 6630'),(303,'Solly','Guillen','Whistlecraft','skohrding8e@archive.org','+86 863 223 9675'),(304,'Dewitt','Posada','Fullerlove','dgoodsell8f@yandex.ru','+221 373 482 4736'),(305,'Lucian','Calzada','Leber','lmatuszynski8g@gmpg.org','+355 990 751 7065'),(306,'Kean','Larrea','Cross','kneles8h@blog.com','+63 879 102 1240'),(307,'Mala','Zorrilla','Hitscher','mesilmon8i@1und1.de','+351 807 275 4538'),(308,'Joeann','Agullo','Comolli','jpettus8j@php.net','+86 159 156 7161'),(309,'Nonna','Orozco','Avey','nwhittles8k@un.org','+7 738 718 5520'),(310,'Sigfried','Franco','De La Salle','sheathcott8l@fotki.com','+62 875 209 5695'),(311,'Corey','Novoa','Getty','cginner8m@msn.com','+82 179 790 8440'),(312,'Bethanne','Viana','Humpherston','blinnane8n@cnet.com','+86 427 940 1866'),(313,'Marje','Perera','Kleinstein','mmaides8o@patch.com','+33 525 462 2838'),(314,'Devy','Anglada','Vasilyonok','dmccorkell8p@independent.co.uk','+48 601 605 0002'),(315,'Kerry','Alegria','Whitfeld','kdengel8q@t-online.de','+62 129 111 1477'),(316,'Keslie','Tovar','Malshinger','kwarre8r@drupal.org','+55 322 845 3484'),(317,'Gracie','Casanovas','Bill','gdetoc8s@sohu.com','+62 706 460 0370'),(318,'Rivy','Sala','Maryman','rhamman8t@cbsnews.com','+7 355 247 5222'),(319,'Hewett','Núñez','Hempshall','hcauldwell8u@mysql.com','+86 665 901 6862'),(320,'Jamill','Murcia','Panchen','jdenormanville8v@wunderground.com','+48 553 529 1157'),(321,'Tania','Barrio','McGeouch','thamflett8w@spiegel.de','+355 747 721 1662'),(322,'Ogden','Villar','Maddock','oogg8x@diigo.com','+62 183 661 9967'),(323,'Charlot','Casares','Shankle','ctribbeck8y@howstuffworks.com','+63 569 765 7069'),(324,'Maddie','Castellanos','Coomer','mgodfrey8z@boston.com','+86 115 485 1115'),(325,'Ramonda','Campoy','Sharville','rklausewitz90@samsung.com','+63 940 488 1110'),(326,'Klaus','Amorós','Walstow','ktiptaft91@indiatimes.com','+240 262 635 6141'),(327,'Pammi','Romeu','Comoletti','pslafford92@zdnet.com','+57 857 927 4879'),(328,'Norah','Casal','Martignoni','nsorensen93@fda.gov','+86 688 348 1329'),(329,'Audrey','Fuertes','McQuode','alacy94@whitehouse.gov','+55 507 738 5098'),(330,'Christin','Milla','Bateup','cleteve95@google.co.jp','+86 434 615 9424'),(331,'Leanna','Company','Jobson','ltanguy96@angelfire.com','+86 640 612 9781'),(332,'Elvin','Correa','Cockman','ewindaybank97@xing.com','+33 469 491 1296'),(333,'Piotr','Acedo','Hudspith','pchatenier98@marketwatch.com','+998 145 609 1422'),(334,'Vonnie','Tello','McInility','vdesantos99@dailymail.co.uk','+86 418 890 4562'),(335,'Evy','Lara','Daglish','edowner9a@oaic.gov.au','+7 266 163 6633'),(336,'Filippo','Marín','Brydon','fmay9b@eepurl.com','+33 425 165 3711'),(337,'Brinna','Cornejo','Crellim','bseson9c@cisco.com','+63 673 731 8261'),(338,'Renee','Company','Mariolle','rcolten9d@qq.com','+81 508 879 0926'),(339,'Jimmy','Pineda','Hellewell','jdufoure9e@histats.com','+62 760 939 0583'),(340,'Halli','Reina','Henriet','haxelbee9f@abc.net.au','+46 176 725 7566'),(341,'Trevor','Tur','Bousler','tkilgrew9g@phpbb.com','+351 396 468 5737'),(342,'Hillary','Salazar','Scholer','hsango9h@mit.edu','+385 524 355 1085'),(343,'Bronnie','Carro','Brose','ballward9i@sogou.com','+92 548 630 4317'),(344,'Mia','Izaguirre','Pepis','mcrafts9j@marketwatch.com','+33 456 185 6893'),(345,'Zeke','Mayoral','Gronaller','zgladdifh9k@youtu.be','+62 263 179 4440'),(346,'Hillery','Velasco','Cartmell','hwardingly9l@howstuffworks.com','+7 198 169 6117'),(347,'Luca','Herrera','Bealing','lhanaby9m@usatoday.com','+504 773 103 2122'),(348,'Kellen','Cuevas','Linskey','kwilsey9n@exblog.jp','+381 675 204 4561'),(349,'Tatiana','Castell','Jarrold','tvanns9o@pcworld.com','+33 715 596 0475'),(350,'Jade','Asenjo','McGilvra','jmacredmond9p@themeforest.net','+63 933 567 4178'),(351,'Bruce','Zorrilla','Gibbieson','bhallard9q@home.pl','+55 366 428 3935'),(352,'Ciro','Garriga','Peters','ckohen9r@umn.edu','+374 394 157 4217'),(353,'Burnard','Barceló','Currum','babramson9s@squarespace.com','+998 800 459 1737'),(354,'Robinet','Ariño','Logsdail','rdevonshire9t@washingtonpost.com','+55 602 792 9922'),(355,'Almire','Montenegro','Leopard','asandwich9u@yale.edu','+351 748 209 4256'),(356,'Booth','Márquez','Gerok','bmclise9v@opera.com','+1 212 975 0489'),(357,'Julian','Alcaraz','Golton','jgeely9w@deviantart.com','+977 794 288 8287'),(358,'Grange','Medina','Pitt','ggayther9x@last.fm','+62 858 901 7685'),(359,'Blair','Hervia','Buxam','bridout9y@sphinn.com','+49 841 210 0394'),(360,'Inness','Prado','Issacson','igeockle9z@phoca.cz','+86 642 503 6205'),(361,'Lonnie','Font','de Clerq','ldobbiea0@newsvine.com','+86 336 119 2356'),(362,'Dacy','Canals','Wynett','ddarwena1@dmoz.org','+57 225 219 1972'),(363,'Lilly','Tena','Bellison','ldorringtona2@bizjournals.com','+33 627 886 2048'),(364,'Corly','Sancho','Batthew','ccassiea3@yandex.ru','+976 642 898 4699'),(365,'Ilka','Carbajo','Richford','imorandoa4@github.com','+62 693 676 1625'),(366,'Ulrick','Bayón','Monteith','uduckelsa5@cafepress.com','+1 678 846 3343'),(367,'Barnard','Carreño','Grewer','bscawtona6@exblog.jp','+51 105 283 0354'),(368,'Domini','Clavero','Vardie','dcrimesa7@ca.gov','+1 464 692 0642'),(369,'Cornie','Sáenz','Shalders','crundalla8@freewebs.com','+1 800 497 0742'),(370,'Delmore','Bastida','Heintzsch','dboltwooda9@etsy.com','+385 888 599 4177'),(371,'Clo','Planas','Fortescue','ccobdenaa@domainmarket.com','+33 533 517 7891'),(372,'Sanford','Peñalver','Biggins','slongsonab@sohu.com','+86 398 578 6638'),(373,'Arte','Pomares','Tampling','akinleysideac@acquirethisname.com','+249 528 475 0039'),(374,'Amberly','Blanes','Pude','agilmourad@uol.com.br','+7 110 738 2165'),(375,'Welsh','Carvajal','Godfery','wdruceae@cafepress.com','+380 168 709 0623'),(376,'Cindra','Marti','Osbourn','cacoryaf@comsenz.com','+1 717 590 1280'),(377,'Mark','Pellicer','Roycroft','mrobersag@fastcompany.com','+54 237 330 7380'),(378,'Sharline','Alberola','Staddon','sdrueryah@godaddy.com','+20 189 502 4588'),(379,'Shandy','Cerezo','Risborough','sdoerrai@wufoo.com','+236 596 908 1888'),(380,'Dorette','Feijoo','Davioud','dstaplesaj@squarespace.com','+351 260 395 1219'),(381,'Marketa','Alberola','Cheng','mmacuraak@merriam-webster.com','+81 820 972 0008'),(382,'Susy','Casals','Lyptrade','siggoal@shutterfly.com','+242 633 637 6952'),(383,'Marsh','Miralles','Acaster','maxbyam@drupal.org','+976 330 846 6407'),(384,'Kirsti','Reyes','Sustin','kkryszkieciczan@theglobeandmail.com','+86 354 916 8528'),(385,'Cherye','Gámez','Tabram','ctummondao@cisco.com','+62 419 557 1508'),(386,'My','Cervantes','Oloshin','mklauberap@nba.com','+371 411 892 7889'),(387,'Krystle','Miguel','McCann','kshimonyaq@cpanel.net','+7 960 434 0527'),(388,'Adolf','Salgado','Innett','areaperar@ocn.ne.jp','+351 764 868 9064'),(389,'Spence','Conesa','Trehearne','smougetas@goo.ne.jp','+31 485 339 3483'),(390,'Keeley','Gil','Maddern','kacumat@fda.gov','+420 436 494 1616'),(391,'Harwilll','Fuster','Stanex','hbloomfieldau@scientificamerican.com','+86 928 298 5157'),(392,'Brant','Coll','Brearton','bjustav@craigslist.org','+351 371 574 3709'),(393,'Sheelah','Blazquez','Witherop','spellattaw@desdev.cn','+381 984 330 0426'),(394,'Aylmar','Zabala','Lepope','awhalleyax@list-manage.com','+51 216 486 4149'),(395,'Emilio','Rovira','Larway','emolanay@goo.gl','+46 793 272 9192'),(396,'Lilas','Domingo','Frew','lomarkeyaz@51.la','+33 620 662 0391'),(397,'Mindy','Arias','Brazelton','mroosb0@admin.ch','+62 572 708 1602'),(398,'Olivie','Carro','Bulward','overissimob1@meetup.com','+63 517 693 4770'),(399,'Annadiana','Almeida','Aldersley','arappoportb2@abc.net.au','+63 643 161 5180'),(400,'Siusan','Zabaleta','Hurtic','slittonb3@ovh.net','+86 685 354 2137'),(401,'Kitti','Baños','Shapcott','kroundb4@ihg.com','+267 745 918 5390'),(402,'Maxy','Cantón','Gentiry','mcriagb5@abc.net.au','+62 749 686 1668'),(403,'Andrea','Chico','Trotton','ahurllb6@dailymotion.com','+62 134 104 5270'),(404,'Pyotr','Corbacho','Trulocke','pskillettb7@reference.com','+86 381 170 7064'),(405,'Westbrooke','Sáez','Gomby','wcundictb8@imdb.com','+63 174 557 3151'),(406,'Jobie','Agullo','Inggall','jkinnierb9@csmonitor.com','+57 418 364 4932'),(407,'Cello','Bayo','Hindmore','cpryorba@myspace.com','+54 239 138 9203'),(408,'Krystal','Álamo','Gozzett','kdarceybb@nytimes.com','+351 900 493 4390'),(409,'Koo','Gaya','Jermy','khinrichbc@washington.edu','+63 812 664 9948'),(410,'Rosa','Gomez','Cockshoot','rlanferebd@homestead.com','+81 729 886 9192'),(411,'Melisenda','Abella','D\'Antoni','mgiacaponibe@yale.edu','+850 720 260 5368'),(412,'Roberto','Girón','Faunt','rclynterbf@tripadvisor.com','+86 285 669 8803'),(413,'Mandy','Carlos','Girardeau','mblackstonebg@google.it','+63 218 264 0945'),(414,'Pammy','Elorza','Philippson','proderbh@cafepress.com','+62 878 324 4759'),(415,'Lucine','Fuertes','Talboy','lforsdykebi@theglobeandmail.com','+86 598 963 2660'),(416,'Amargo','Campoy','Lowdeane','apurplebj@paginegialle.it','+387 194 310 5891'),(417,'Fraser','Ferrández','Conti','fhowebk@jalbum.net','+55 781 892 5608'),(418,'Crin','Cuesta','Razoux','cmorganbl@typepad.com','+86 534 686 2013'),(419,'Jorie','Quiroga','Stronge','jforcadebm@fastcompany.com','+63 640 239 6155'),(420,'Harlen','Ferrández','Goudman','hlowensohnbn@sfgate.com','+86 921 836 4741'),(421,'Kanya','Acevedo','Gemson','kfishpoolbo@cdc.gov','+62 531 696 4094'),(422,'Sergio','Portillo','Crutchley','schurmbp@dot.gov','+269 783 271 3155'),(423,'Syd','Casares','Slocombe','siwanowskibq@amazon.co.uk','+62 795 841 4779'),(424,'Elaine','Nicolás','Carwardine','eskunebr@lulu.com','+252 227 722 4488'),(425,'Rhianon','Sacristán','O\'Hoey','rmcbreartybs@over-blog.com','+52 189 427 1810'),(426,'Reinold','Marín','Ornils','rkrusebt@webnode.com','+62 382 137 8438'),(427,'Mort','Barranco','Weeds','mvideanbu@ihg.com','+7 604 463 0137'),(428,'Elaine','Goicoechea','Morphet','efronczakbv@smh.com.au','+1 831 378 6499'),(429,'Demetra','Pineda','Lanfranchi','dchidgeybw@pbs.org','+55 145 652 3285'),(430,'Woodie','Saldaña','Brookzie','wwhitwoodbx@jimdo.com','+48 965 827 9830'),(431,'Riannon','Noriega','Gyurko','rjoannetby@bloglines.com','+33 113 716 7417'),(432,'Brigham','Hernandez','Westnedge','bmaddersbz@cornell.edu','+63 666 983 3696'),(433,'Mellisent','Arranz','Gyves','mholmyardc0@weebly.com','+86 626 673 3315'),(434,'Burton','Barreda','Durden','blandisc1@loc.gov','+63 662 632 4834'),(435,'Shelbi','Nogueira','Fantone','sbezleyc2@independent.co.uk','+234 629 750 6996'),(436,'Rey','Crespi','Kees','rwelbandc3@google.com.hk','+963 686 641 9444'),(437,'Freemon','Canals','Redgrove','ftomkissc4@homestead.com','+46 773 739 9593'),(438,'Frants','Alfonso','Berringer','ffullickc5@yolasite.com','+86 305 833 6230'),(439,'Smitty','Pagès','Bestwerthick','sfromec6@senate.gov','+254 104 861 4974'),(440,'Rubie','Grande','Fritchley','rleschellec7@theatlantic.com','+93 976 207 2187'),(441,'Ricky','Amorós','Loble','rdiglinc8@mayoclinic.com','+51 369 207 4002'),(442,'Marylee','Ríos','Speck','mlabrowc9@flickr.com','+1 310 231 4498'),(443,'Hana','Piña','Legges','hhammonca@storify.com','+62 172 402 4498'),(444,'Murial','Sánchez','Gianninotti','mlippiattcb@yandex.ru','+7 544 405 8327'),(445,'Kara','Calzada','Plimmer','kcreswellcc@wired.com','+86 307 471 0568'),(446,'Eva','Linares','Presidey','eallmarkcd@wunderground.com','+48 413 684 2918'),(447,'Tawsha','Sarmiento','Smalley','tvandalence@webnode.com','+234 418 733 2855'),(448,'Madelina','Casares','Monteith','mmortoncf@zimbio.com','+351 878 902 7063'),(449,'Hirsch','Lago','Mourant','hdowseycg@hibu.com','+86 479 873 1299'),(450,'Casey','Duque','Whether','cniecech@discuz.net','+86 235 349 7393'),(451,'Ruddie','Jódar','Kupis','rabbetsci@posterous.com','+7 956 429 7699'),(452,'Manny','Osuna','Elmer','mparrcj@symantec.com','+84 386 605 0435'),(453,'Jordanna','Puga','Becom','jspilsburieck@wiley.com','+995 355 660 9439'),(454,'Walker','Marqués','Pignon','wwarrycl@uol.com.br','+351 949 594 6714'),(455,'Kristina','Riquelme','Balle','kkaygillcm@miibeian.gov.cn','+46 141 756 8152'),(456,'Kakalina','Garrido','Gioani','kattewcn@dell.com','+33 217 297 1096'),(457,'Julie','Páez','Fearnyhough','jtuckleyco@netlog.com','+33 808 711 7818'),(458,'Pate','Morales','Durman','plafranconicp@phpbb.com','+51 200 867 3001'),(459,'Byron','Perales','Dodman','bmourniancq@vistaprint.com','+54 889 213 1683'),(460,'Gabriell','Perea','Stefanovic','gpagittcr@mlb.com','+62 167 712 8908'),(461,'Ofella','Bello','Sails','oheinshcs@tmall.com','+62 788 709 7003'),(462,'Alisun','Salamanca','Small','abergstrandct@bloomberg.com','+51 633 713 1318'),(463,'Waiter','Pi','Novill','wfassbindlercu@slate.com','+48 365 876 0738'),(464,'Catha','Rocamora','Losbie','citzkovicicv@cocolog-nifty.com','+93 646 791 6662'),(465,'Chrisy','Pedraza','Robbert','cbaitmancw@theguardian.com','+98 925 674 9186'),(466,'Jennie','Saldaña','Drowsfield','jkalkercx@netvibes.com','+62 191 819 3790'),(467,'Osbourn','Giralt','Dwelling','oahreniuscy@php.net','+86 787 383 7561'),(468,'Lalo','Ordóñez','Lamberton','lhambriccz@princeton.edu','+57 846 363 5511'),(469,'Chas','Peñalver','Paterson','cjennickd0@go.com','+81 480 669 1461'),(470,'Conrad','Asensio','McEnhill','ceved1@github.com','+963 995 134 3311'),(471,'Jard','Arias','Hammond','jsibyllad2@umich.edu','+86 334 294 2625'),(472,'Burke','Puig','Youd','bbargeryd3@soup.io','+46 833 778 6196'),(473,'Waneta','Huertas','Cluff','wseakesd4@zimbio.com','+7 526 917 9914'),(474,'Obed','Villaverde','Beese','ocrockettd5@biglobe.ne.jp','+230 216 799 6453'),(475,'Sly','Montaña','Tidbury','sagottd6@parallels.com','+48 953 840 2563'),(476,'Otto','Diez','McChesney','okirked7@gravatar.com','+62 815 509 6267'),(477,'Lana','Pavón','Scarman','lbothend8@qq.com','+591 727 114 0727'),(478,'Bertie','Peral','Bennike','bsargentd9@g.co','+237 638 924 3756'),(479,'Tawnya','Montoya','Shoulders','tfeenanda@chicagotribune.com','+358 651 522 4510'),(480,'Didi','Casares','Whellams','dsemperdb@4shared.com','+7 794 165 4295'),(481,'Fax','Gonzalo','Foucar','fscullydc@hud.gov','+63 313 646 9300'),(482,'Karilynn','Narváez','Waymont','kleivesleydd@php.net','+1 203 632 5584'),(483,'Reube','Fiol','Crampsy','rcrootede@examiner.com','+48 198 219 1857'),(484,'Grethel','Morell','Dunley','gstarsmoredf@nature.com','+242 671 860 8931'),(485,'Florinda','Lozano','Scandred','fetheridgedg@ask.com','+33 452 528 8418'),(486,'Stefano','Viana','Tybalt','skeeridh@statcounter.com','+62 992 109 2928'),(487,'Averyl','Montoya','Billingsly','airdaledi@alexa.com','+86 654 468 7651'),(488,'Maure','Cortes','Voaden','mcannawaydj@csmonitor.com','+256 659 283 7408'),(489,'Madelena','Bonet','Hucker','medlingtondk@alibaba.com','+86 948 935 4317'),(490,'Kelsey','Navarro','Zarb','ksevilledl@bizjournals.com','+62 223 718 0831'),(491,'Torre','Gámez','Tankus','tmilsteaddm@cisco.com','+62 424 554 5134'),(492,'Tabb','Uribe','Johantges','tswinyarddn@springer.com','+66 163 654 3674'),(493,'Kandy','Frutos','Allum','kanthilldo@businesswire.com','+48 270 477 4181'),(494,'Fredi','Losa','Welbrock','fmanthroppedp@icq.com','+46 524 577 4562'),(495,'Jodie','Esteban','Nicklen','jsilmondq@geocities.com','+86 240 177 3014'),(496,'Bunni','Corbacho','Moorfield','bmackellardr@nature.com','+46 350 739 6396'),(497,'Ethelin','Castro','Lambirth','emcsparrands@nps.gov','+86 712 740 0204'),(498,'Gilberta','Alcolea','Durnan','gdefilippodt@npr.org','+351 546 147 0907'),(499,'Evelina','Morán','Tabour','evonnassaudu@yahoo.com','+52 312 180 5446'),(500,'Danyelle','Pedraza','Sondon','dcorneliusdv@xing.com','+504 323 612 9237'),(501,'Rice','','','rshawdw@feedburner.com','+63 912 257 1504'),(502,'Maurene','','','mlevaydx@blogs.com','+237 263 570 8003'),(503,'Eliza','','','epaulischdy@slashdot.org','+66 118 857 9827'),(504,'Cathee','','','chardbattledz@omniture.com','+62 553 759 5648'),(505,'Lenore','','','lstruise0@amazon.co.jp','+33 442 198 3748'),(506,'Annissa','','','aphippse1@dedecms.com','+58 353 500 8562'),(507,'Helyn','','','hcrelline2@blogs.com','+266 742 339 4007'),(508,'Merola','','','mbodlee3@sohu.com','+34 541 282 5231'),(509,'Siouxie','','','sbrazeare4@webs.com','+86 148 689 4334'),(510,'Maurise','','','mphilpaulte5@businesswire.com','+55 462 605 7377'),(511,'Nike','','','nmichellee6@163.com','+62 394 345 1744'),(512,'Janos','','','jallsworthe7@usnews.com','+212 731 422 4374'),(513,'Yevette','','','yhalstone8@psu.edu','+254 492 904 5374'),(514,'Sonia','','','solivae9@boston.com','+62 702 509 4888'),(515,'Rubin','','','rluckcockea@scribd.com','+56 992 130 6861'),(516,'Grayce','','','ggorvineb@cpanel.net','+595 271 193 8782'),(517,'Jennica','','','jpetkovicec@github.com','+387 910 332 8084'),(518,'Cybil','','','cbastianed@globo.com','+351 419 622 6635'),(519,'Camilla','','','cdyersonee@moonfruit.com','+86 432 630 6634'),(520,'Peadar','','','pbrambleef@google.com','+48 989 945 5833'),(521,'Dante','','','dstearneeg@stumbleupon.com','+62 295 654 6576'),(522,'Antonietta','','','alancleyeh@liveinternet.ru','+502 200 649 0870'),(523,'Gaultiero','','','gcaudrelierei@blinklist.com','+48 698 233 8641'),(524,'Meryl','','','mquaintanceej@amazon.co.jp','+86 166 126 5586'),(525,'Gloriane','','','gpollastroek@addtoany.com','+60 181 368 0524'),(526,'Karlyn','','','kstallanel@topsy.com','+1 302 747 1000'),(527,'Donal','','','dfollowsem@shop-pro.jp','+373 292 321 0476'),(528,'Pet','','','pbalentyneen@live.com','+81 134 314 3239'),(529,'Christiana','','','cmarrilleo@webnode.com','+62 543 369 9930'),(530,'Nicko','','','nmcgeochep@infoseek.co.jp','+1 521 359 3373'),(531,'Nicolai','','','ndeavenelleq@nifty.com','+1 516 818 6672'),(532,'Claybourne','','','cmirfielder@house.gov','+503 393 345 4215'),(533,'Jobyna','','','jheartes@furl.net','+7 930 848 6747'),(534,'Kristoforo','','','kbridgwoodet@businesswire.com','+1 619 375 5945'),(535,'Vidovic','','','vtrenchardeu@infoseek.co.jp','+86 200 192 8908'),(536,'Jaimie','','','jgilbodyev@princeton.edu','+81 747 358 4179'),(537,'Kenn','','','kpechanew@reference.com','+86 716 186 0665'),(538,'Lorens','','','lpepperrallex@buzzfeed.com','+380 416 246 2875'),(539,'Jozef','','','jvischiey@eepurl.com','+86 186 640 4681'),(540,'Catharina','','','cfranzettiez@virginia.edu','+7 720 950 5614'),(541,'Gerhard','','','gchaulkf0@omniture.com','+351 722 463 0685'),(542,'Winn','','','wboyanf1@paginegialle.it','+86 804 727 2652'),(543,'Reade','','','rmoensf2@themeforest.net','+57 207 229 6776'),(544,'Gigi','','','gcalveleyf3@cpanel.net','+60 143 870 0925'),(545,'Shanan','','','smclarensf4@engadget.com','+55 306 720 8819'),(546,'Giffie','','','gcastellonef5@pbs.org','+86 387 313 4114'),(547,'Estel','','','ebaalf6@shutterfly.com','+420 349 688 9270'),(548,'Kellsie','','','kbowhayf7@npr.org','+62 560 766 5509'),(549,'Abbie','','','abonnickf8@ucoz.com','+62 970 113 6276'),(550,'George','','','grennekef9@de.vu','+48 510 411 2625'),(551,'Fayth','','','fmcdunlevyfa@chicagotribune.com','+260 178 111 7184'),(552,'Symon','','','sdooheyfb@businessweek.com','+7 348 579 7749'),(553,'Edik','','','eblincowefc@examiner.com','+86 896 563 6430'),(554,'Luise','','','lkristoffd@biglobe.ne.jp','+355 613 749 1421'),(555,'Kizzee','','','kpachefe@e-recht24.de','+86 114 464 0792'),(556,'Worthy','','','wogleasaneff@cisco.com','+66 416 657 3807'),(557,'Mabel','','','mgraffhamfg@walmart.com','+86 869 933 4155'),(558,'Allayne','','','ablackerfh@amazon.co.uk','+55 371 260 2294'),(559,'Inness','','','idearesfi@is.gd','+51 997 987 4260'),(560,'Kleon','','','kgrewcockfj@virginia.edu','+55 371 218 8178'),(561,'Earle','','','erevillfk@unesco.org','+971 429 415 7944'),(562,'Arlee','','','adavisonfl@feedburner.com','+389 976 516 3495'),(563,'Tandy','','','tdrippsfm@parallels.com','+86 195 952 0075'),(564,'Misty','','','mpeponfn@answers.com','+7 715 200 9865'),(565,'Orland','','','orandalfo@mac.com','+62 606 546 7348'),(566,'Reinold','','','rtwiddellfp@tumblr.com','+66 239 467 1192'),(567,'Tomlin','','','tjirikfq@fastcompany.com','+46 841 456 8560'),(568,'Mollie','','','mbrimmellfr@sogou.com','+966 448 941 4662'),(569,'Robina','','','rgravestonfs@wired.com','+86 384 974 3784'),(570,'Sigismond','','','snewbiggingft@sina.com.cn','+86 326 975 6420'),(571,'Darn','','','drizzettifu@shareasale.com','+62 646 464 4366'),(572,'Felicdad','','','fmatteottifv@altervista.org','+86 412 814 9340'),(573,'Oneida','','','otuttonfw@redcross.org','+86 747 532 4235'),(574,'Ara','','','amouthfx@1und1.de','+81 997 786 6670'),(575,'Dale','','','dgittingsfy@amazon.de','+242 487 422 0502'),(576,'Kenna','','','kchallicumfz@facebook.com','+93 219 587 7364'),(577,'Wilfred','','','wwrigglesworthg0@umn.edu','+86 230 201 5545'),(578,'Cristiano','','','csackurg1@soup.io','+1 314 860 0951'),(579,'Karoly','','','kkendrewg2@google.fr','+46 377 264 4945'),(580,'Wake','','','wpickeringg3@youtube.com','+86 731 114 4460'),(581,'Pansie','','','ptarrantg4@pbs.org','+86 980 126 3328'),(582,'Randell','','','rdethloffg5@netvibes.com','+63 109 361 5399'),(583,'Kerrin','','','knoddleg6@quantcast.com','+63 713 357 3938'),(584,'Reagen','','','rwhitakerg7@nbcnews.com','+51 949 675 8159'),(585,'Nikolaus','','','ncrisping8@deliciousdays.com','+86 498 661 8452'),(586,'Mord','','','mmucklestong9@a8.net','+86 561 675 4335'),(587,'Julina','','','jhawkswoodga@booking.com','+1 536 271 0257'),(588,'Kim','','','kbuckinghamgb@google.co.jp','+675 189 662 6821'),(589,'Fidelia','','','fpavekgc@sfgate.com','+359 694 309 0869'),(590,'Bettye','','','bpurvissgd@github.io','+86 282 358 6407'),(591,'Davey','','','dcubbinge@webeden.co.uk','+385 119 710 6648'),(592,'Sheffield','','','sbrowngf@yandex.ru','+7 801 174 6950'),(593,'Sabina','','','slartergg@netscape.com','+51 235 418 7218'),(594,'Richart','','','rristegh@sfgate.com','+420 311 879 3004'),(595,'Halli','','','hbrixeygi@chron.com','+504 951 432 4598'),(596,'Sayers','','','soaggj@g.co','+964 190 304 9140'),(597,'Andrey','','','acollickgk@craigslist.org','+593 433 763 1830'),(598,'Tiphany','','','tmaundergl@prlog.org','+55 203 219 9570'),(599,'Web','','','wbullockgm@ustream.tv','+256 762 806 0172'),(600,'Sauncho','','','seardleygn@slashdot.org','+86 733 422 7590'),(601,'Harper','','','hmckellergo@histats.com','+45 428 299 2648'),(602,'Judi','','','jcarnegygp@go.com','+62 248 391 9577'),(603,'Egon','','','eroozegq@discuz.net','+234 664 647 6400'),(604,'Nancee','','','nlevenegr@themeforest.net','+86 462 429 5894'),(605,'Davidson','','','darensongs@eventbrite.com','+7 326 230 7930'),(606,'Jaynell','','','jsturtegt@tumblr.com','+7 330 538 5975'),(607,'Beaufort','','','bfeirngu@cmu.edu','+7 286 519 0404'),(608,'Alexander','','','apenelligv@multiply.com','+86 137 869 6414'),(609,'Abagail','','','abearblockgw@t-online.de','+98 589 607 3191'),(610,'Delly','','','dtruslergx@nsw.gov.au','+55 306 756 8903'),(611,'Agosto','','','awortleygy@furl.net','+46 633 371 7586'),(612,'Chrissie','','','cbaynesgz@e-recht24.de','+251 898 682 4761'),(613,'Fletch','','','fflarityh0@reference.com','+351 835 322 5159'),(614,'Hale','','','hstanleyh1@noaa.gov','+86 357 163 8242'),(615,'Nilson','','','ngregersenh2@typepad.com','+98 314 579 1998'),(616,'Evania','','','emcgourtyh3@nyu.edu','+63 248 103 5941'),(617,'Fanchon','','','fclerkeh4@mit.edu','+33 396 964 5565'),(618,'Kirsten','','','kbradmoreh5@cyberchimps.com','+48 367 894 2843'),(619,'Bethina','','','bnunnerleyh6@drupal.org','+86 119 248 2082'),(620,'Justine','','','jsomesh7@ezinearticles.com','+504 446 975 2763'),(621,'Scott','','','scaldronih8@deliciousdays.com','+380 877 664 8012'),(622,'Nicolais','','','nryeh9@mapy.cz','+63 174 688 6611'),(623,'Adelina','','','adullinghamha@home.pl','+1 513 313 0918'),(624,'Dunstan','','','dpablohb@unesco.org','+86 549 190 3625'),(625,'Coral','','','cfolletthc@opera.com','+7 719 700 7489'),(626,'Nancy','','','ncarsehd@umn.edu','+63 620 818 0775'),(627,'Jerrilyn','','','jcrundenhe@nasa.gov','+237 615 447 1179'),(628,'Daryle','','','dcranehf@a8.net','+62 296 780 8191'),(629,'Bonnibelle','','','bschultheisshg@hibu.com','+46 527 818 6246'),(630,'Rochester','','','rtookeyhh@soundcloud.com','+86 113 433 9405'),(631,'Henri','','','hristhi@unesco.org','+86 375 821 7665'),(632,'Gilberta','','','gbrundillhj@walmart.com','+970 518 290 5513'),(633,'Ruben','','','rdroghanhk@wordpress.org','+420 103 970 9570'),(634,'Adler','','','aplumbleyhl@sfgate.com','+7 324 527 9639'),(635,'Hobart','','','hmerwoodhm@php.net','+86 557 200 4924'),(636,'Golda','','','gkuhnwaldhn@ft.com','+1 202 571 8254'),(637,'Brandon','','','blynnettho@sciencedirect.com','+86 602 775 1442'),(638,'Bran','','','bpaulothp@google.it','+63 547 505 4940'),(639,'Wells','','','wbinnshq@jimdo.com','+7 957 454 7420'),(640,'Nicolis','','','ndrennanhr@springer.com','+86 266 553 1447'),(641,'Lucia','','','lzollnerhs@rediff.com','+242 942 845 3417'),(642,'Myca','','','mexallht@etsy.com','+86 549 550 1416'),(643,'Dalton','','','dspendleyhu@angelfire.com','+86 604 386 6975'),(644,'Zarah','','','znewallhv@infoseek.co.jp','+86 911 550 6039'),(645,'Faydra','','','fharrissonhw@elegantthemes.com','+48 670 665 4764'),(646,'Carlin','','','cquittondenhx@uiuc.edu','+33 323 615 4624'),(647,'Roselin','','','rdilaweyhy@histats.com','+51 739 705 2515'),(648,'Calypso','','','cwadiehz@ameblo.jp','+7 172 431 8256'),(649,'Marylou','','','mbrewini0@dropbox.com','+86 707 279 2986'),(650,'George','','','gmulreani1@google.ru','+62 361 444 0978'),(651,'Abelard','','','apenticooti2@mapquest.com','+86 859 617 9860'),(652,'Arlena','','','aorvissi3@ebay.co.uk','+351 232 302 5204'),(653,'Ado','','','averneri4@yahoo.co.jp','+48 145 768 2962'),(654,'Rowen','','','rbirdi5@yolasite.com','+591 837 253 5305'),(655,'Dasi','','','dcribbinsi6@ucoz.com','+265 379 990 8516'),(656,'Harv','','','hgoriolii7@alexa.com','+86 417 969 9893'),(657,'Clarisse','','','cpepysi8@xrea.com','+380 938 441 4596'),(658,'Sybil','','','showellsi9@rakuten.co.jp','+86 585 227 2056'),(659,'Judd','','','jchittyia@sciencedirect.com','+63 552 855 9070'),(660,'Cosmo','','','cemertonib@craigslist.org','+86 315 148 9004'),(661,'Josie','','','jwonfaric@forbes.com','+46 408 645 3276'),(662,'Ransell','','','rduiganid@reuters.com','+86 455 766 9614'),(663,'Cynthie','','','claugheraneie@e-recht24.de','+380 441 999 7708'),(664,'Phelia','','','ppiwallif@vimeo.com','+1 801 417 8864'),(665,'Milka','','','mtavinorig@google.it','+7 321 280 4995'),(666,'Sidonnie','','','sampsih@sina.com.cn','+7 607 434 7154'),(667,'Reinaldos','','','rfishbournii@tinyurl.com','+86 356 331 5445'),(668,'Brian','','','bshilstonij@cbslocal.com','+86 136 173 3602'),(669,'Lou','','','lillidgeik@nbcnews.com','+381 911 209 3445'),(670,'Mario','','','mkillineril@vistaprint.com','+62 291 221 2792'),(671,'Pauline','','','pmacpaikeim@chronoengine.com','+57 306 153 2615'),(672,'Deerdre','','','drubkein@flickr.com','+62 860 404 7294'),(673,'Culley','','','cmatschekio@google.co.uk','+1 324 148 8298'),(674,'Venita','','','vledingtonip@mayoclinic.com','+46 809 796 9308'),(675,'Sammy','','','slooneyiq@disqus.com','+48 351 978 5943'),(676,'Hadria','','','hkolakovicir@discovery.com','+7 470 260 9820'),(677,'Anabel','','','aboyackis@themeforest.net','+7 998 427 7050'),(678,'Sandye','','','schurchyardit@irs.gov','+62 468 826 0187'),(679,'Stearn','','','slambardiu@cyberchimps.com','+1 850 332 8766'),(680,'Matthiew','','','mwyborniv@loc.gov','+30 644 583 0888'),(681,'Sigfried','','','slennardiw@gravatar.com','+7 517 580 8640'),(682,'Margy','','','mlowethix@hubpages.com','+86 398 477 5353'),(683,'Simmonds','','','sralstoniy@webeden.co.uk','+31 618 211 6085'),(684,'Sylvester','','','sdenyiz@adobe.com','+1 808 815 4934'),(685,'Ellette','','','ealvenj0@friendfeed.com','+86 206 150 3400'),(686,'Neely','','','ndixceej1@about.com','+46 606 198 9340'),(687,'Karee','','','kfettesj2@princeton.edu','+62 624 912 5247'),(688,'Eunice','','','estrutleyj3@nbcnews.com','+86 583 765 1028'),(689,'Davina','','','dsandayj4@yellowpages.com','+86 264 561 8404'),(690,'Julia','','','jfaroj5@ning.com','+967 829 992 3671'),(691,'Brandais','','','bbowgenj6@cloudflare.com','+86 953 842 9200'),(692,'Barnebas','','','bcockillj7@unc.edu','+81 776 720 1255'),(693,'Paula','','','pguidonij8@vimeo.com','+95 365 647 1323'),(694,'Barbabra','','','bsallissj9@eepurl.com','+86 964 556 0627'),(695,'Finn','','','fmcmurrughja@cnn.com','+33 529 135 2177'),(696,'Shamus','','','smcavincheyjb@qq.com','+33 305 468 1384'),(697,'Town','','','tsiviourjc@weebly.com','+81 673 187 6538'),(698,'Derk','','','dbellochjd@about.com','+375 546 505 2664'),(699,'Lishe','','','lboswardje@moonfruit.com','+63 289 550 1320'),(700,'Latrena','','','lpaddickjf@biblegateway.com','+357 541 646 9423'),(701,'Derk','','','dhoysjg@typepad.com','+63 541 720 3442'),(702,'Rebeca','','','rbattellejh@odnoklassniki.ru','+380 596 919 6197'),(703,'Leslie','','','lbladenji@prnewswire.com','+48 409 386 2316'),(704,'Far','','','fgoldingjj@clickbank.net','+1 324 390 4673'),(705,'Washington','','','wmccordjk@wikia.com','+7 443 155 4652'),(706,'Marie-ann','','','mrusejl@abc.net.au','+86 415 871 3437'),(707,'Nicolina','','','nstringerjm@cbslocal.com','+855 146 476 5901'),(708,'Tabbitha','','','tmcshanejn@usnews.com','+351 640 331 6097'),(709,'Liva','','','lorpynejo@sogou.com','+31 845 203 4985'),(710,'Toby','','','tsteerjp@nasa.gov','+599 503 929 4695'),(711,'Hortensia','','','hklimontovichjq@edublogs.org','+964 509 849 0975'),(712,'Joye','','','jclipsonjr@yandex.ru','+1 407 252 2278'),(713,'Florencia','','','fchazierjs@lulu.com','+57 834 276 6283'),(714,'Bradney','','','bmorsheadjt@canalblog.com','+355 582 240 7897'),(715,'Isiahi','','','ipoynserju@cmu.edu','+33 929 675 9840'),(716,'Tracee','','','tglynejv@github.com','+420 192 110 2938'),(717,'Whitman','','','wkowalikjw@seesaa.net','+34 413 754 2390'),(718,'Arlyn','','','ablameyjx@hugedomains.com','+48 408 383 3571'),(719,'James','','','johlsenjy@etsy.com','+33 217 377 2911'),(720,'Yvette','','','ydilleyjz@51.la','+591 538 131 1217'),(721,'Zacharias','','','zgudgerk0@toplist.cz','+86 253 191 0255'),(722,'Sabra','','','sslimmingk1@people.com.cn','+86 109 877 7078'),(723,'Koral','','','kmarzellak2@telegraph.co.uk','+86 560 235 5435'),(724,'Falkner','','','fmoncarrk3@hostgator.com','+63 199 124 9191'),(725,'Delmer','','','dameerbegk4@yandex.ru','+86 220 562 9115'),(726,'Rip','','','rwannellk5@craigslist.org','+7 623 545 7290'),(727,'Selle','','','sdoudnyk6@ca.gov','+55 714 551 3373'),(728,'Elsinore','','','ekneafseyk7@blinklist.com','+62 299 188 7329'),(729,'Lindsay','','','lmccullenk8@salon.com','+970 162 424 1376'),(730,'Esra','','','etorrek9@tiny.cc','+234 471 112 8810'),(731,'Erma','','','eponteka@bluehost.com','+86 981 366 2448'),(732,'Geoffry','','','gshovelkb@admin.ch','+62 978 564 0915'),(733,'Tristam','','','ttrowlerkc@vimeo.com','+86 446 434 4648'),(734,'Ezri','','','eprydekd@arstechnica.com','+1 984 638 9747'),(735,'Karry','','','kroscowke@whitehouse.gov','+351 349 124 3675'),(736,'Skipton','','','sgiacobazzikf@msn.com','+62 716 882 9055'),(737,'Rennie','','','rdeeleykg@addthis.com','+55 374 376 8029'),(738,'Demeter','','','dmulhallkh@fc2.com','+51 113 914 2500'),(739,'Cchaddie','','','cpossellki@w3.org','+970 524 824 8738'),(740,'Garfield','','','gmuckeenkj@dot.gov','+55 147 220 2238'),(741,'Sarajane','','','sleppokk@twitter.com','+7 663 520 6999'),(742,'Consalve','','','cmilnekl@smh.com.au','+60 726 795 9388'),(743,'Caria','','','ccrosskellkm@google.es','+86 259 943 3992'),(744,'Jacky','','','jlinskeykn@timesonline.co.uk','+81 920 542 9647'),(745,'Benson','','','bgrugerrko@barnesandnoble.com','+852 380 239 8696'),(746,'Janene','','','jsapseedkp@mysql.com','+216 931 335 6076'),(747,'Reine','','','rkonzelmannkq@w3.org','+86 607 741 0241'),(748,'Eyde','','','esyrattkr@walmart.com','+351 958 353 1278'),(749,'Emmye','','','egeckks@oracle.com','+7 891 412 8067'),(750,'Livia','','','lonealkt@google.it','+27 601 306 4719'),(751,'Erek','','','eharrodku@army.mil','+58 791 167 7712'),(752,'Jayson','','','jhaysmankv@wikimedia.org','+63 113 488 6233'),(753,'Janelle','','','jlythgoekw@vimeo.com','+7 630 864 4336'),(754,'Edi','','','eseamonskx@drupal.org','+86 727 561 2807'),(755,'Colene','','','ctilfordky@dailymotion.com','+1 202 511 6164'),(756,'Adria','','','abatsfordkz@senate.gov','+52 522 811 2173'),(757,'Daisey','','','dthall0@arstechnica.com','+46 756 816 8923'),(758,'Erma','','','ebroadbearl1@theatlantic.com','+7 511 135 5044'),(759,'Charis','','','cdumberrilll2@trellian.com','+55 607 656 4424'),(760,'Shirl','','','shatherleyl3@desdev.cn','+86 516 434 0817'),(761,'Lamar','','','lstivensl4@odnoklassniki.ru','+33 799 108 0944'),(762,'Randie','','','rbusstl5@about.me','+353 649 487 5133'),(763,'Patrizia','','','pcundyl6@tinypic.com','+975 498 966 2812'),(764,'Ripley','','','rveckl7@ft.com','+372 745 951 1694'),(765,'Dominik','','','dgommesl8@tinyurl.com','+63 761 707 9344'),(766,'Mimi','','','mmairsl9@timesonline.co.uk','+86 452 429 7864'),(767,'Camilla','','','cparsellla@loc.gov','+63 123 573 7909'),(768,'Emmie','','','eleithgoelb@joomla.org','+7 256 651 6617'),(769,'Tony','','','tcolliberlc@seattletimes.com','+43 623 375 9647'),(770,'Davon','','','dgulcld@digg.com','+86 776 851 8534'),(771,'Auberon','','','apartkyale@alexa.com','+63 702 853 4160'),(772,'Holly','','','hkegleylf@dion.ne.jp','+52 486 493 6978'),(773,'Bartolomeo','','','bramelotlg@chronoengine.com','+381 183 802 5432'),(774,'Salome','','','sskrynelh@goo.ne.jp','+48 490 609 4640'),(775,'Nonna','','','nfarreyli@home.pl','+224 423 182 1861'),(776,'Patricio','','','pdradeylj@seesaa.net','+7 194 601 0095'),(777,'Jocko','','','jtollmachelk@imdb.com','+423 246 626 6476'),(778,'Kirstin','','','kjaffall@a8.net','+7 740 853 4275'),(779,'Fay','','','fprewlm@gravatar.com','+57 291 236 0094'),(780,'Sukey','','','scalcutln@census.gov','+7 528 790 3385'),(781,'Kipp','','','krosinalo@theglobeandmail.com','+352 926 619 9055'),(782,'Natka','','','nderilllp@wikipedia.org','+86 864 511 2642'),(783,'Cora','','','cforsbeylq@cnet.com','+7 573 484 8142'),(784,'Westleigh','','','wtureslr@surveymonkey.com','+7 249 352 2958'),(785,'Patience','','','pwintertonls@usnews.com','+62 959 104 9370'),(786,'Desiree','','','dbyarslt@arstechnica.com','+502 734 976 9166'),(787,'Lise','','','lworboylu@facebook.com','+234 649 875 2948'),(788,'Tabb','','','twithinshawlv@nps.gov','+66 577 566 6841'),(789,'Grenville','','','ghubbinslw@jigsy.com','+269 767 791 2142'),(790,'Smith','','','slampkelx@netlog.com','+381 982 698 3209'),(791,'Drusie','','','dberrisfordly@oracle.com','+420 796 522 2824'),(792,'Amberly','','','apostanslz@google.ru','+7 910 993 2304'),(793,'Sayers','','','sgeorgiadesm0@virginia.edu','+86 203 594 8138'),(794,'Hans','','','hteresim1@alexa.com','+33 634 522 9419'),(795,'Karleen','','','kcranagem2@about.com','+66 714 419 8679'),(796,'Zilvia','','','zklynm3@hp.com','+86 478 968 8590'),(797,'Ogdan','','','oturpiem4@mail.ru','+52 790 688 4388'),(798,'Wendye','','','wnormantm5@reuters.com','+976 886 929 3159'),(799,'Delilah','','','ddmtrovicm6@aol.com','+63 472 429 1007'),(800,'Catarina','','','cstartem7@stanford.edu','+86 336 502 1929'),(801,'Claire','','','callsebrookm8@marketwatch.com','+970 191 926 9689'),(802,'Yves','','','ybreslauerm9@icq.com','+86 579 379 3091'),(803,'Melanie','','','mmactrustiema@plala.or.jp','+380 700 151 1665'),(804,'Clayborn','','','cschmidtmb@hc360.com','+86 109 628 6909'),(805,'Itch','','','ivalentinemc@wunderground.com','+86 296 157 4852'),(806,'Damian','','','dclemoesmd@themeforest.net','+509 283 828 8780'),(807,'Leann','','','lcrotherme@topsy.com','+98 339 198 3762'),(808,'Donielle','','','dspinellomf@imgur.com','+66 540 712 7841'),(809,'Devland','','','dmustoemg@woothemes.com','+48 359 659 6467'),(810,'Jania','','','jogarmenmh@ustream.tv','+387 853 303 0787'),(811,'Morna','','','mguerolami@xinhuanet.com','+212 629 672 6255'),(812,'Calla','','','ccapeymj@nifty.com','+55 422 163 5912'),(813,'Lucy','','','lhullinsmk@t-online.de','+7 282 126 5490'),(814,'Farrel','','','fdopsonml@canalblog.com','+46 347 469 5748'),(815,'Eadmund','','','ebernadzkimm@google.com.au','+351 447 265 3725'),(816,'Ali','','','apracymn@multiply.com','+380 496 537 3181'),(817,'Tomlin','','','ttroppmannmo@behance.net','+963 425 948 4626'),(818,'Marielle','','','mparlotmp@ucla.edu','+998 761 866 9471'),(819,'Iggie','','','iharrismithmq@gov.uk','+1 100 895 0474'),(820,'Clementia','','','charviemr@webs.com','+261 391 276 3127'),(821,'Margaret','','','mburgems@statcounter.com','+48 571 256 2756'),(822,'Christye','','','criordanmt@java.com','+57 297 930 2564'),(823,'Benedikta','','','bsemechikmu@theatlantic.com','+1 918 546 5383'),(824,'Austina','','','asmallbonemv@zimbio.com','+63 769 770 7357'),(825,'Agathe','','','aleacockmw@amazon.de','+86 253 647 4788'),(826,'Hillyer','','','hsweetnammx@seesaa.net','+63 647 256 7273'),(827,'Nial','','','nnewissmy@bloomberg.com','+86 497 751 6339'),(828,'Ariella','','','anewartmz@goodreads.com','+51 273 455 4178'),(829,'Avrom','','','apaskelln0@xinhuanet.com','+48 423 526 0607'),(830,'Abbie','','','amurtyn1@livejournal.com','+7 163 721 7128'),(831,'Glenn','','','gbayleyn2@theglobeandmail.com','+55 330 678 3069'),(832,'Sidoney','','','smacpeaken3@feedburner.com','+255 609 552 9806'),(833,'Henriette','','','hmolsonn4@bluehost.com','+62 944 989 5442'),(834,'Hannah','','','hbalharryn5@blogtalkradio.com','+63 118 603 2653'),(835,'Laird','','','lwrackn6@deviantart.com','+33 546 817 5770'),(836,'Abie','','','alistn7@si.edu','+86 569 911 6729'),(837,'Gottfried','','','ggrigorn8@slate.com','+86 210 868 9330'),(838,'Winston','','','wbisphamn9@paypal.com','+51 687 729 6954'),(839,'Aurelea','','','ahowisonna@dagondesign.com','+62 261 111 2578'),(840,'Ruggiero','','','rteagernb@ucla.edu','+355 199 453 9840'),(841,'Kaspar','','','koylettnc@cnn.com','+62 639 772 2547'),(842,'Gizela','','','gstrongnd@ning.com','+62 429 941 3240'),(843,'Duffy','','','dehlerdingne@paginegialle.it','+62 570 827 6374'),(844,'Bennett','','','bemslienf@vimeo.com','+382 659 406 6324'),(845,'Powell','','','pbarneveldng@google.fr','+57 800 664 6478'),(846,'Korney','','','kgablenh@nbcnews.com','+7 447 750 5135'),(847,'Fielding','','','ftrumperni@ebay.co.uk','+86 971 773 9329'),(848,'Dagmar','','','dlessmarenj@home.pl','+263 471 898 5247'),(849,'Marcel','','','mbraunenk@elegantthemes.com','+967 976 925 2673'),(850,'Lisle','','','llittericknl@wp.com','+1 515 517 4810'),(851,'Kippy','','','kalentyevnm@theatlantic.com','+386 667 986 7720'),(852,'Calli','','','cthreshnn@fema.gov','+251 795 726 4638'),(853,'Eddy','','','emclleeseno@ifeng.com','+41 830 840 0560'),(854,'Davide','','','dbaskwellnp@youtu.be','+62 642 806 6865'),(855,'Ferrel','','','ffenlonnq@123-reg.co.uk','+968 583 978 0872'),(856,'Sophie','','','shardynr@craigslist.org','+86 617 346 3714'),(857,'Barrie','','','bsprasenns@nationalgeographic.com','+86 212 113 7333'),(858,'Dollie','','','dporkernt@biblegateway.com','+57 774 852 9041'),(859,'Aleta','','','abrewettnu@nhs.uk','+963 621 659 7097'),(860,'Flory','','','fgrizardnv@answers.com','+385 358 998 4214'),(861,'Miles','','','mmccarlnw@chicagotribune.com','+7 954 363 4576'),(862,'Libbi','','','lhanburynx@macromedia.com','+86 272 963 3007'),(863,'Dalli','','','dbrearleyny@printfriendly.com','+98 144 211 3449'),(864,'Nicko','','','nheathcoatnz@canalblog.com','+92 303 184 3351'),(865,'Rosabelle','','','rbladesmitho0@omniture.com','+62 200 939 5861'),(866,'Korey','','','kbruinemano1@illinois.edu','+504 889 422 8870'),(867,'Consuela','','','cdivineyo2@sina.com.cn','+1 754 766 2631'),(868,'Waring','','','wledgewayo3@va.gov','+81 184 457 4138'),(869,'Chicky','','','csneakero4@is.gd','+261 683 201 0983'),(870,'Shawnee','','','sstockdaleo5@usnews.com','+52 466 390 1254'),(871,'Thekla','','','tcorwino6@berkeley.edu','+351 325 104 7366'),(872,'Ethelred','','','ebusaino7@wunderground.com','+380 177 577 5006'),(873,'Lindon','','','lgruczkao8@vinaora.com','+351 263 422 7063'),(874,'Payton','','','pmonshallo9@bluehost.com','+33 334 171 8232'),(875,'Wilden','','','wfenkeloa@slideshare.net','+63 624 693 1354'),(876,'Stefanie','','','sjansikob@google.pl','+7 402 192 6950'),(877,'Karin','','','ktwaiteoc@bing.com','+48 737 148 7361'),(878,'Eugene','','','emattiellood@google.co.uk','+30 929 602 1535'),(879,'Dorris','','','dedgeleyoe@accuweather.com','+48 425 971 9478'),(880,'Marie','','','mcaterof@diigo.com','+48 653 487 8907'),(881,'Riccardo','','','rfrazerog@elegantthemes.com','+66 646 311 5559'),(882,'Merilyn','','','mpoulsenoh@bravesites.com','+55 481 361 1450'),(883,'Keith','','','kmaykinoi@elegantthemes.com','+502 781 377 0403'),(884,'Benson','','','bmacallenoj@edublogs.org','+84 941 751 1705'),(885,'Roosevelt','','','rtibaldok@ocn.ne.jp','+30 146 827 0164'),(886,'Baxter','','','bpedgriftol@archive.org','+389 400 546 8998'),(887,'Shaun','','','sgerkensom@princeton.edu','+253 568 523 2254'),(888,'Trenton','','','tmcinerneyon@bravesites.com','+46 905 107 2940'),(889,'Kacey','','','kfinlryoo@alibaba.com','+357 224 720 5437'),(890,'Karlis','','','kkastingop@ocn.ne.jp','+46 781 272 8259'),(891,'Norby','','','nwedmoreoq@woothemes.com','+81 540 591 6682'),(892,'Marlie','','','mblockleyor@skyrock.com','+27 346 124 6482'),(893,'Felice','','','fbachelaros@squarespace.com','+86 603 891 4927'),(894,'Janna','','','jlegriceot@nhs.uk','+63 667 851 8406'),(895,'Linea','','','lloobyou@4shared.com','+46 374 479 0309'),(896,'Alex','','','aleadstonov@feedburner.com','+86 147 745 9469'),(897,'Lurline','','','lbeadellow@walmart.com','+7 344 991 0955'),(898,'Leandra','','','lpenfoldox@wsj.com','+60 975 570 2898'),(899,'Waylan','','','wstillwelloy@psu.edu','+66 151 336 1800'),(900,'Veda','','','vluckeyoz@goodreads.com','+86 914 435 0877'),(901,'Olenolin','','','oloyp0@cnbc.com','+62 161 636 8250'),(902,'Alfonso','','','agutowskip1@guardian.co.uk','+86 798 621 9750'),(903,'Geri','','','gbetunp2@hugedomains.com','+212 702 406 7136'),(904,'George','','','gcragheadp3@disqus.com','+62 496 437 9859'),(905,'Gunilla','','','gcamamilep4@bbb.org','+86 719 731 1998'),(906,'Meryl','','','mmaruszewskip5@ed.gov','+261 738 918 5390'),(907,'Alidia','','','aionsp6@europa.eu','+86 614 616 9010'),(908,'Jemmie','','','jdraggep7@ocn.ne.jp','+48 365 709 1872'),(909,'Becki','','','baggottp8@seattletimes.com','+212 553 271 3275'),(910,'Fabiano','','','ffryerp9@chicagotribune.com','+86 586 772 4070'),(911,'Wanda','','','wwallmanpa@ow.ly','+33 369 704 9803'),(912,'Corrie','','','csparhawkpb@technorati.com','+86 974 599 7194'),(913,'Ellswerth','','','emilierpc@purevolume.com','+63 827 550 7530'),(914,'Leicester','','','ldronsfieldpd@bbb.org','+46 267 251 6559'),(915,'Abrahan','','','adewildepe@freewebs.com','+81 801 681 1751'),(916,'Rockwell','','','readdypf@yahoo.co.jp','+84 707 126 4702'),(917,'Corby','','','cellingtonpg@hexun.com','+57 378 344 8274'),(918,'Mufinella','','','mbondeph@hibu.com','+86 261 682 6851'),(919,'Lea','','','livimypi@opera.com','+351 161 126 0073'),(920,'Gus','','','galvaropj@fda.gov','+370 994 264 8479'),(921,'Bernice','','','bbleakmanpk@irs.gov','+7 557 403 9686'),(922,'Ariel','','','atregidgopl@redcross.org','+62 202 294 2394'),(923,'Lovell','','','lbarczewskipm@imdb.com','+53 974 990 4734'),(924,'Drucie','','','ddriuzzipn@omniture.com','+62 688 309 0814'),(925,'Florinda','','','fmownepo@tinypic.com','+48 649 742 3400'),(926,'Ingram','','','imccomiskiepp@ftc.gov','+420 138 497 4575'),(927,'Kara-lynn','','','kbrendishpq@merriam-webster.com','+55 449 911 4391'),(928,'Phillipp','','','pwaelandpr@ucoz.com','+62 454 784 1488'),(929,'Alexis','','','ablabyps@ow.ly','+86 232 189 2673'),(930,'Lottie','','','lbrearpt@exblog.jp','+232 176 177 1801'),(931,'Clea','','','ceallispu@nyu.edu','+994 635 765 7875'),(932,'Farrell','','','fedlingpv@google.es','+92 728 817 3666'),(933,'Anni','','','acarnsonpw@scientificamerican.com','+1 717 553 0917'),(934,'Elsworth','','','ecorranpx@quantcast.com','+86 941 315 6031'),(935,'Valdemar','','','vlordonpy@state.gov','+66 801 140 8902'),(936,'Uta','','','upobjaypz@google.co.uk','+86 549 313 2216'),(937,'Morena','','','mdurekq0@noaa.gov','+57 945 840 7550'),(938,'Dmitri','','','djerromeq1@yelp.com','+375 806 995 9788'),(939,'Gunilla','','','gyitzoviczq2@soup.io','+52 865 557 5891'),(940,'Nessy','','','nmaudsonq3@stumbleupon.com','+359 393 116 3447'),(941,'Glenden','','','groggerq4@google.co.uk','+976 775 297 3151'),(942,'Jervis','','','jmichellq5@furl.net','+62 551 216 2085'),(943,'Kean','','','kvansonq6@si.edu','+62 534 945 2200'),(944,'Anissa','','','aeaglestonq7@ask.com','+353 781 207 5209'),(945,'Gwenore','','','gedgecumbeq8@cdc.gov','+86 586 361 7978'),(946,'Milena','','','mvayroq9@thetimes.co.uk','+7 225 911 4198'),(947,'Chelsea','','','cleatqa@spiegel.de','+63 715 938 1508'),(948,'Rubia','','','rreightleyqb@seesaa.net','+359 288 193 0867'),(949,'Sandy','','','socorraneqc@earthlink.net','+1 592 663 8392'),(950,'Bryna','','','bcottrillqd@networkadvertising.org','+381 317 455 8616'),(951,'Aili','','','ajunkinqe@joomla.org','+7 123 369 2519'),(952,'Farrel','','','fmelchiorqf@walmart.com','+48 910 419 9900'),(953,'Clementius','','','cbofieldqg@imgur.com','+351 359 258 5099'),(954,'Bernarr','','','bdurqh@narod.ru','+86 476 596 9931'),(955,'Ephrayim','','','ecudworthqi@goodreads.com','+234 526 747 7257'),(956,'Sterne','','','sjereattqj@rakuten.co.jp','+86 724 163 1040'),(957,'Taddeo','','','tdelythqk@umich.edu','+86 444 177 5351'),(958,'Philip','','','pbelitzql@purevolume.com','+63 695 493 4296'),(959,'Sybille','','','saimerqm@dot.gov','+86 560 129 8212'),(960,'Cesaro','','','ccookeqn@cisco.com','+56 436 233 9126'),(961,'Wenda','','','wdaymontqo@ask.com','+1 520 220 1091'),(962,'Lizabeth','','','lwalkinshawqp@columbia.edu','+249 712 287 9363'),(963,'Cassaundra','','','cmirfieldqq@diigo.com','+62 918 229 6166'),(964,'Ludwig','','','lrizziniqr@si.edu','+7 309 159 1229'),(965,'Corrine','','','cbenhamqs@odnoklassniki.ru','+351 126 646 4132'),(966,'Cam','','','cruminqt@simplemachines.org','+98 140 169 5262'),(967,'Brad','','','broskellqu@nature.com','+351 416 919 8032'),(968,'Gabrila','','','gmillmoeqv@vistaprint.com','+60 125 252 9989'),(969,'Brendin','','','bbursnallqw@ca.gov','+46 330 954 5228'),(970,'Sky','','','sgartsydeqx@flickr.com','+1 386 774 3639'),(971,'Diana','','','dropkinsqy@surveymonkey.com','+351 342 886 4337'),(972,'Mame','','','mbossonsqz@unblog.fr','+7 814 195 9932'),(973,'Loraine','','','llinckr0@wp.com','+55 405 361 9795'),(974,'Darline','','','dclinesr1@myspace.com','+63 913 895 3010'),(975,'Galen','','','gspridgenr2@canalblog.com','+55 731 473 7185'),(976,'Curr','','','chaughianr3@stumbleupon.com','+380 970 722 6871'),(977,'Christabella','','','cclementelr4@technorati.com','+86 975 216 6015'),(978,'Tamarra','','','trocksr5@sun.com','+48 342 218 1580'),(979,'Neille','','','ntivolierr6@jigsy.com','+55 961 186 9646'),(980,'Alleyn','','','aairesr7@com.com','+7 335 721 8513'),(981,'Sarine','','','sbromidger8@vk.com','+48 209 525 8196'),(982,'Trixy','','','tsawartr9@networkadvertising.org','+1 215 855 6021'),(983,'Bernette','','','bchildesra@accuweather.com','+46 731 713 7390'),(984,'Paddy','','','pnobesrb@wordpress.org','+7 849 815 5704'),(985,'Alain','','','acleminsonrc@mapy.cz','+62 144 914 2907'),(986,'Richard','','','rscoonerd@sitemeter.com','+86 120 556 4637'),(987,'Rosemarie','','','rcluetre@twitpic.com','+48 859 596 5226'),(988,'Malynda','','','mlepruvostrf@ucsd.edu','+62 868 751 9443'),(989,'Netta','','','ncloonanrg@noaa.gov','+46 832 768 7054'),(990,'Gisella','','','gfredyrh@who.int','+351 119 787 0938'),(991,'Salaidh','','','squinaneri@bbc.co.uk','+54 840 525 8742'),(992,'Bree','','','bwinwoodrj@cocolog-nifty.com','+86 756 237 6171'),(993,'Morna','','','mgunningrk@auda.org.au','+86 175 151 3015'),(994,'Bron','','','bluebbertrl@newyorker.com','+86 784 183 1325'),(995,'Arch','','','aledramrm@alibaba.com','+62 205 795 1201'),(996,'Miquela','','','mpotesrn@sitemeter.com','+7 933 861 0565'),(997,'Genni','','','gtaklero@home.pl','+351 116 886 0550'),(998,'Coraline','','','cbartalotrp@topsy.com','+53 740 592 8752'),(999,'Ruggiero','','','rdhoogherq@mlb.com','+62 347 557 0704'),(1000,'Whitaker','','','wleesrr@newyorker.com','+81 923 729 7092'),(1001,'Juan','Pérez','Gómez','juan.perez@email.com','6557768125');
/*!40000 ALTER TABLE `CLIENTE` ENABLE KEYS */;
UNLOCK TABLES;

--
-- Table structure for table `DETALLE_VENTA`
--

DROP TABLE IF EXISTS `DETALLE_VENTA`;
/*!40101 SET @saved_cs_client     = @@character_set_client */;
/*!50503 SET character_set_client = utf8mb4 */;
CREATE TABLE `DETALLE_VENTA` (
  `id_venta` int NOT NULL,
  `ISBN` varchar(20) CHARACTER SET utf8mb3 COLLATE utf8mb3_general_ci NOT NULL,
  `cantidad` int DEFAULT NULL,
  `Precio_unitario` varchar(255) CHARACTER SET utf8mb3 COLLATE utf8mb3_general_ci DEFAULT NULL,
  PRIMARY KEY (`id_venta`,`ISBN`),
  KEY `fk_VENTA_has_GUION_LIBRO_VENTA1_idx` (`id_venta`),
  KEY `fk_libro_en_venta` (`ISBN`),
  CONSTRAINT `fk_detalle_venta_venta` FOREIGN KEY (`id_venta`) REFERENCES `VENTA` (`ID_venta`),
  CONSTRAINT `fk_detalleventa_libroenventa` FOREIGN KEY (`ISBN`) REFERENCES `LIBRO_EN_VENTA` (`ISBN`)
) ENGINE=InnoDB DEFAULT CHARSET=utf8mb3;
/*!40101 SET character_set_client = @saved_cs_client */;

--
-- Dumping data for table `DETALLE_VENTA`
--

LOCK TABLES `DETALLE_VENTA` WRITE;
/*!40000 ALTER TABLE `DETALLE_VENTA` DISABLE KEYS */;
INSERT INTO `DETALLE_VENTA` VALUES (1,'014223511-3',2,'15.00'),(1,'495287228-9',1,'15.00'),(2,'137188569-9',1,'20.00'),(2,'793767315-X',1,'20.00'),(3,'521998493-4',1,'10.00'),(4,'222213135-9',1,'16.00'),(5,'604641292-7',1,'11.00'),(6,'049700346-5',1,'9.00'),(7,'289196913-8',2,'10.00'),(8,'009036989-0',1,'28.00'),(8,'697936557-6',1,'28.00'),(9,'184640817-2',2,'27.00'),(10,'519650024-3',1,'27.00'),(11,'617394657-2',1,'22.00'),(12,'606594698-2',1,'13.00'),(13,'005889698-8',1,'8.00'),(13,'791283709-4',1,'8.00'),(14,'602219564-0',1,'9.00'),(15,'522015312-9',1,'29.00'),(16,'860967043-0',1,'18.00'),(17,'279619779-4',1,'23.00'),(18,'052585782-6',2,'22.00'),(18,'101481696-3',1,'22.00'),(19,'084598677-5',1,'19.00'),(19,'096170134-X',1,'19.00'),(20,'349895053-3',40,'21.00'),(21,'727077642-3',1,'12.00'),(22,'926845713-X',2,'20.00'),(23,'214012433-2',1,'26.00'),(24,'853781411-3',2,'10.00'),(25,'093312680-8',1,'9.00'),(25,'898709390-5',1,'9.00'),(26,'796543785-6',1,'27.00'),(27,'058065553-9',1,'16.00'),(28,'034042694-2',1,'12.00'),(29,'041634456-9',1,'11.00'),(30,'006936948-8',1,'10.00'),(31,'606594698-2',1,'13.00'),(32,'236589935-8',1,'30.00'),(33,'503576245-9',1,'12.00'),(33,'515069528-9',1,'12.00'),(34,'891040343-8',2,'27.00'),(35,'371703573-8',1,'14.00'),(36,'563178115-8',2,'9.00'),(37,'136127660-6',1,'17.00'),(37,'262883415-4',1,'17.00'),(38,'108946389-8',2,'12.00'),(39,'144110657-X',1,'17.00'),(39,'822215849-X',1,'17.00'),(40,'157253932-1',1,'23.00'),(41,'288052243-9',2,'16.00'),(42,'544585388-8',1,'15.00'),(43,'507615772-X',1,'24.00'),(44,'049700346-5',2,'9.00'),(45,'704331288-4',1,'10.00'),(46,'263862352-0',1,'20.00'),(47,'494705754-8',2,'26.00'),(48,'208937155-2',1,'19.00'),(48,'882513082-1',1,'19.00'),(49,'520802604-X',2,'23.00'),(50,'204120321-8',1,'16.00'),(50,'222213135-9',1,'16.00'),(51,'180109295-8',1,'16.00'),(51,'451150665-5',1,'16.00'),(52,'262883415-4',2,'17.00'),(53,'220627641-0',1,'24.00'),(53,'406997795-3',1,'24.00'),(54,'850811825-2',2,'14.00'),(55,'715404723-2',1,'22.00'),(56,'222332611-0',1,'11.00'),(56,'887990564-3',1,'11.00'),(57,'367734745-9',1,'18.00'),(58,'252346470-5',1,'30.00'),(59,'603207069-7',2,'11.00'),(60,'267120844-8',1,'13.00'),(60,'391185700-4',1,'13.00'),(61,'953386491-5',1,'26.00'),(62,'447238069-2',1,'10.00'),(63,'001953560-0',1,'28.00'),(64,'573601296-0',1,'29.00'),(65,'664566501-6',2,'13.00'),(66,'993943344-1',1,'8.00'),(67,'406997795-3',1,'24.00'),(67,'947304550-6',1,'24.00'),(68,'999409020-8',1,'22.00'),(69,'155346350-1',1,'21.00'),(70,'863994773-2',1,'10.00'),(71,'055486679-X',1,'15.00'),(72,'289196913-8',1,'10.00'),(73,'275971317-2',2,'29.00'),(74,'601275157-5',1,'26.00'),(75,'947304550-6',2,'24.00'),(76,'777195182-1',1,'26.00'),(77,'332149878-2',2,'29.00'),(78,'267120844-8',1,'13.00'),(79,'155842964-6',1,'22.00'),(80,'252346470-5',2,'30.00'),(81,'993943344-1',1,'8.00'),(82,'951444890-1',1,'22.00'),(83,'084598677-5',1,'19.00'),(83,'432769216-6',1,'19.00'),(84,'093352549-4',1,'23.00'),(85,'205128790-2',1,'29.00'),(86,'079717375-7',1,'21.00'),(87,'701658279-5',1,'9.00'),(88,'406997795-3',1,'24.00'),(89,'519650024-3',1,'27.00'),(90,'123378956-2',1,'14.00'),(90,'447985450-9',1,'14.00'),(91,'717943652-6',1,'14.00'),(92,'993943344-1',2,'8.00'),(93,'254240260-4',1,'16.00'),(93,'451150665-5',1,'16.00'),(94,'503576245-9',1,'12.00'),(95,'186759465-X',2,'21.00'),(96,'958142260-9',1,'22.00'),(97,'727547999-0',1,'27.00'),(98,'548588305-2',1,'18.00'),(99,'175250742-8',1,'16.00'),(100,'467141847-9',1,'20.00'),(100,'477453554-0',1,'20.00'),(101,'465703841-9',2,'15.00'),(102,'769038254-1',1,'28.00'),(103,'742962244-5',2,'13.00'),(104,'108946389-8',2,'12.00'),(105,'635041109-9',2,'16.00'),(106,'867294919-6',1,'11.00'),(107,'415280318-5',1,'9.00'),(108,'573601296-0',2,'29.00'),(109,'930242179-1',1,'8.00'),(110,'528221345-1',1,'27.00'),(111,'439911209-3',1,'18.00'),(112,'573572906-3',1,'28.00'),(113,'767534219-4',2,'24.00'),(114,'606594698-2',1,'13.00'),(114,'990283118-4',1,'13.00'),(115,'933127287-1',2,'9.00'),(116,'154959522-9',1,'11.00'),(117,'860967043-0',2,'18.00'),(118,'753270565-X',1,'28.00'),(119,'983034988-8',2,'17.00'),(120,'367379881-2',2,'16.00'),(121,'778872194-8',2,'30.00'),(122,'305896613-X',1,'28.00'),(123,'561150449-3',2,'29.00'),(124,'979260613-0',1,'29.00'),(125,'906829908-5',2,'10.00'),(126,'684876178-8',2,'22.00'),(127,'048672895-1',1,'16.00'),(128,'048672895-1',1,'16.00'),(129,'973208358-1',1,'28.00'),(130,'173488598-X',2,'26.00'),(131,'093312680-8',2,'9.00'),(132,'791283709-4',2,'8.00'),(133,'136700940-5',2,'26.00'),(134,'906829908-5',1,'10.00'),(135,'991754814-9',1,'8.00'),(136,'511798767-5',2,'20.00'),(137,'760576333-6',2,'23.00'),(138,'491562455-2',1,'28.00'),(139,'101481696-3',2,'22.00'),(140,'289985611-1',1,'10.00'),(141,'221096915-8',1,'15.00'),(142,'302985296-2',1,'21.00'),(143,'684876178-8',2,'22.00'),(144,'221096915-8',2,'15.00'),(145,'085826297-5',2,'24.00'),(146,'204349119-9',1,'13.00'),(147,'372491378-8',2,'12.00'),(148,'651176658-6',2,'26.00'),(149,'352994393-2',2,'9.00'),(150,'911435546-9',1,'27.00'),(151,'606594698-2',2,'13.00'),(152,'727547999-0',1,'27.00'),(153,'005889698-8',2,'8.00'),(154,'864467883-3',1,'20.00'),(155,'691024572-5',2,'18.00'),(156,'006936948-8',1,'10.00'),(157,'591750046-0',2,'30.00'),(158,'451150665-5',2,'16.00'),(159,'034042694-2',1,'12.00'),(160,'842004840-2',2,'22.00'),(161,'287624884-0',2,'29.00'),(162,'099034450-9',2,'24.00'),(163,'664566501-6',1,'13.00'),(164,'600095957-5',2,'26.00'),(165,'602219564-0',1,'9.00'),(166,'388414939-3',2,'8.00'),(167,'819817428-1',2,'26.00'),(168,'758885625-4',1,'30.00'),(169,'183895003-6',1,'24.00'),(170,'367734745-9',2,'18.00'),(171,'545778478-9',1,'17.00'),(172,'228359960-1',2,'21.00'),(173,'805965281-8',1,'27.00'),(174,'204349119-9',2,'13.00'),(175,'009036989-0',2,'28.00'),(176,'033037151-7',1,'16.00'),(177,'989217825-4',2,'24.00'),(178,'892669047-4',1,'17.00'),(179,'601678917-8',1,'10.00'),(180,'305507428-9',2,'26.00'),(181,'216533514-0',1,'26.00'),(182,'852460041-1',1,'10.00'),(183,'441746136-8',2,'24.00'),(184,'684554662-2',1,'23.00'),(185,'907961925-6',1,'13.00'),(186,'388414939-3',1,'8.00'),(187,'344102506-7',1,'18.00'),(188,'171220133-6',1,'22.00'),(189,'037258204-4',2,'24.00'),(190,'973208358-1',1,'28.00'),(191,'796543785-6',1,'27.00'),(192,'742962244-5',2,'13.00'),(193,'758885625-4',1,'30.00'),(194,'842004840-2',1,'22.00'),(195,'891984131-4',1,'21.00'),(196,'892669047-4',1,'17.00'),(197,'310257831-4',2,'21.00'),(198,'616961252-5',1,'26.00'),(199,'522015312-9',2,'29.00'),(200,'305617737-5',2,'19.00'),(201,'205128790-2',2,'29.00'),(202,'009036989-0',1,'28.00'),(203,'760576333-6',2,'23.00'),(204,'672995497-3',2,'28.00'),(205,'491562455-2',1,'28.00'),(206,'911435546-9',1,'27.00'),(207,'172551973-9',2,'15.00'),(208,'791740858-2',1,'21.00'),(209,'204120321-8',1,'16.00'),(210,'852095226-7',1,'29.00'),(211,'305896613-X',2,'28.00'),(212,'339047868-X',1,'15.00'),(213,'014223511-3',2,'15.00'),(214,'632617550-X',1,'28.00'),(215,'767534219-4',2,'24.00'),(216,'573572906-3',1,'28.00'),(217,'124652195-4',2,'29.00'),(218,'228359960-1',2,'21.00'),(219,'521998493-4',2,'10.00'),(220,'515069528-9',1,'12.00'),(221,'357440654-1',2,'12.00'),(222,'808500314-7',2,'9.00'),(223,'136127660-6',1,'17.00'),(224,'528221345-1',2,'27.00'),(225,'890303314-0',2,'8.00'),(226,'456481736-1',1,'8.00'),(227,'058065553-9',1,'16.00'),(228,'216533514-0',2,'26.00'),(229,'769038254-1',1,'28.00'),(230,'742510039-8',2,'19.00'),(231,'930582498-6',2,'28.00'),(232,'264530480-X',1,'22.00'),(233,'622362521-9',2,'24.00'),(234,'912265156-X',2,'15.00'),(235,'892720489-1',2,'21.00'),(236,'399470027-2',1,'17.00'),(237,'456481736-1',2,'8.00'),(238,'753263668-2',1,'23.00'),(239,'589661599-X',1,'24.00'),(240,'739200088-8',1,'9.00'),(241,'644123303-7',2,'12.00'),(242,'494705754-8',1,'26.00'),(243,'573572906-3',2,'28.00'),(244,'456481736-1',2,'8.00'),(245,'000403210-1',2,'23.00'),(246,'921951132-0',1,'13.00'),(247,'869286903-1',2,'14.00'),(248,'622362521-9',1,'24.00'),(249,'075151037-8',2,'27.00'),(250,'092121898-2',1,'21.00'),(251,'271530692-X',2,'10.00'),(252,'684554662-2',2,'23.00'),(253,'279619779-4',1,'23.00'),(254,'719513394-X',1,'11.00'),(255,'753092907-0',2,'21.00'),(256,'511798767-5',1,'20.00'),(257,'998785335-8',2,'8.00'),(258,'778272616-6',1,'24.00'),(259,'217340037-1',1,'24.00'),(260,'701658279-5',1,'9.00'),(261,'935872499-4',2,'8.00'),(262,'771753039-2',2,'30.00'),(263,'565123193-5',2,'12.00'),(264,'339047868-X',1,'15.00'),(265,'503518168-5',2,'28.00'),(266,'891984131-4',1,'21.00'),(267,'599999215-X',2,'28.00'),(268,'305507428-9',2,'26.00'),(269,'180109295-8',1,'16.00'),(270,'723917650-9',2,'24.00'),(271,'616140297-1',1,'9.00'),(272,'021464491-X',1,'18.00'),(273,'226318729-4',2,'15.00'),(274,'873758754-4',2,'19.00'),(275,'339047868-X',1,'15.00'),(276,'034042694-2',2,'12.00'),(277,'357440654-1',2,'12.00'),(278,'046432398-3',1,'21.00'),(279,'285816991-8',1,'17.00'),(280,'259677992-7',2,'9.00'),(281,'591567584-0',1,'22.00'),(282,'956926002-5',1,'20.00'),(283,'990954736-8',1,'18.00'),(284,'562527648-X',1,'24.00'),(285,'513733728-5',1,'11.00'),(286,'101481696-3',2,'22.00'),(287,'599999215-X',2,'28.00'),(288,'852946882-1',2,'13.00'),(289,'330925447-X',2,'19.00'),(290,'591750046-0',2,'30.00'),(291,'693884349-X',2,'22.00'),(292,'056575638-9',2,'16.00'),(293,'864467883-3',1,'20.00'),(294,'638632222-3',2,'18.00'),(295,'456481736-1',1,'8.00'),(296,'778872194-8',2,'30.00'),(297,'180109295-8',1,'16.00'),(298,'431598867-7',2,'17.00'),(299,'929237590-3',1,'11.00'),(300,'268191473-6',2,'12.00'),(301,'248538983-7',2,'28.00'),(302,'735012911-4',1,'13.00'),(303,'830069477-3',1,'27.00'),(304,'670907984-8',1,'10.00'),(305,'507615772-X',2,'24.00'),(306,'768478027-1',1,'18.00'),(307,'884392146-0',1,'15.00'),(308,'088912691-7',2,'26.00'),(309,'445851384-2',2,'23.00'),(310,'096170134-X',1,'19.00'),(311,'226318729-4',2,'15.00'),(312,'921951132-0',2,'13.00'),(313,'282285169-7',2,'13.00'),(314,'052585782-6',1,'22.00'),(315,'252346470-5',2,'30.00'),(316,'022297344-7',1,'9.00'),(317,'813091802-1',1,'15.00'),(318,'503576245-9',2,'12.00'),(319,'356523187-4',2,'17.00'),(320,'748204719-0',1,'18.00'),(321,'001953560-0',2,'28.00'),(322,'034042694-2',2,'12.00'),(323,'991754814-9',2,'8.00'),(324,'055486679-X',1,'15.00'),(325,'907961925-6',2,'13.00'),(326,'367734745-9',2,'18.00'),(327,'097931126-8',1,'12.00'),(328,'613690147-1',1,'25.00'),(329,'670907984-8',1,'10.00'),(330,'701807542-4',2,'13.00'),(331,'346500739-5',1,'8.00'),(332,'214012433-2',2,'26.00'),(333,'589966488-6',2,'15.00'),(334,'322375502-0',2,'10.00'),(335,'791740858-2',2,'21.00'),(336,'208937155-2',1,'19.00'),(337,'552589204-9',2,'9.00'),(338,'622362521-9',1,'24.00'),(339,'432769216-6',1,'19.00'),(340,'591750046-0',1,'30.00'),(341,'078040767-9',2,'13.00'),(342,'597523771-8',2,'16.00'),(343,'099304333-X',1,'20.00'),(344,'267120844-8',2,'13.00'),(345,'523432411-7',1,'23.00'),(346,'904624105-X',2,'16.00'),(347,'795183770-9',2,'26.00'),(348,'171601701-7',2,'27.00'),(349,'106214523-2',1,'10.00'),(350,'282285169-7',1,'13.00'),(351,'552412789-6',1,'30.00'),(352,'243261747-9',2,'27.00'),(353,'906829908-5',2,'10.00'),(354,'959969455-4',1,'18.00'),(355,'055970004-0',2,'18.00'),(356,'760576333-6',2,'23.00'),(357,'822215849-X',1,'17.00'),(358,'195101764-1',1,'21.00'),(359,'997609687-9',1,'11.00'),(360,'741824540-8',1,'10.00'),(361,'912265156-X',2,'15.00'),(362,'651176658-6',2,'26.00'),(363,'863994773-2',2,'10.00'),(364,'990283118-4',2,'13.00'),(365,'238076788-2',2,'22.00'),(366,'834915375-X',1,'17.00'),(367,'958210578-X',2,'9.00'),(368,'831024459-2',2,'28.00'),(369,'575797954-2',2,'18.00'),(370,'881937686-5',2,'21.00'),(371,'218816042-8',1,'13.00'),(372,'263862352-0',1,'20.00'),(373,'999409020-8',2,'22.00'),(374,'601275157-5',2,'26.00'),(375,'846332845-8',2,'19.00'),(376,'831024459-2',1,'28.00'),(377,'427372857-5',1,'11.00'),(378,'441746136-8',2,'24.00'),(379,'064053449-X',2,'23.00'),(380,'647040582-7',2,'19.00'),(381,'523432411-7',1,'23.00'),(382,'959969455-4',1,'18.00'),(383,'180109295-8',1,'16.00'),(384,'106214523-2',1,'10.00'),(385,'218583437-1',1,'22.00'),(386,'651176658-6',2,'26.00'),(387,'739200088-8',2,'9.00'),(388,'613690147-1',2,'25.00'),(389,'718748821-1',1,'29.00'),(390,'166972469-7',2,'12.00'),(391,'948442542-9',2,'24.00'),(392,'958226978-2',2,'24.00'),(393,'534908626-X',1,'22.00'),(394,'863994773-2',2,'10.00'),(395,'504585536-0',1,'19.00'),(396,'451150665-5',2,'16.00'),(397,'717943652-6',2,'14.00'),(398,'213444634-X',1,'22.00'),(399,'055970004-0',2,'18.00'),(400,'048672895-1',2,'16.00'),(401,'552589204-9',1,'9.00'),(402,'271835436-4',1,'23.00'),(403,'723099186-2',2,'11.00'),(404,'731022295-4',2,'16.00'),(405,'289343257-3',1,'13.00'),(406,'561150449-3',2,'29.00'),(407,'753263668-2',2,'23.00'),(408,'837134095-8',2,'9.00'),(409,'183895003-6',1,'24.00'),(410,'997609687-9',2,'11.00'),(411,'101560011-5',2,'29.00'),(412,'958226978-2',1,'24.00'),(413,'725812781-X',2,'8.00'),(414,'767534219-4',2,'24.00'),(415,'904624105-X',1,'16.00'),(416,'822374887-8',1,'11.00'),(417,'185749830-5',2,'23.00'),(418,'606594698-2',1,'13.00'),(419,'647040582-7',1,'19.00'),(420,'088912691-7',1,'26.00'),(421,'843176505-4',1,'13.00'),(422,'006936948-8',1,'10.00'),(423,'725812781-X',1,'8.00'),(424,'302985296-2',1,'21.00'),(425,'768478027-1',1,'18.00'),(426,'723917650-9',2,'24.00'),(427,'349895053-3',1,'21.00'),(428,'087129800-7',1,'24.00'),(429,'101481696-3',1,'22.00'),(430,'882513082-1',1,'19.00'),(431,'305896613-X',1,'28.00'),(432,'989502434-7',2,'27.00'),(433,'124652195-4',1,'29.00'),(434,'852460041-1',2,'10.00'),(435,'465393581-5',1,'17.00'),(436,'216533514-0',1,'26.00'),(437,'078040767-9',1,'13.00'),(438,'520802604-X',2,'23.00'),(439,'808654339-0',2,'12.00'),(440,'892669047-4',2,'17.00'),(441,'275414325-4',1,'19.00'),(442,'958210578-X',2,'9.00'),(443,'204349119-9',2,'13.00'),(444,'504585536-0',2,'19.00'),(445,'600095957-5',2,'26.00'),(446,'088912691-7',2,'26.00'),(447,'722341701-3',1,'24.00'),(448,'523432411-7',1,'23.00'),(449,'582173750-8',2,'9.00'),(450,'846332845-8',2,'19.00'),(451,'332149878-2',2,'29.00'),(452,'005889698-8',2,'8.00'),(453,'456535828-X',2,'25.00'),(454,'572151395-0',2,'25.00'),(455,'137224611-8',1,'20.00'),(456,'603207069-7',1,'11.00'),(457,'837134095-8',1,'9.00'),(458,'049700346-5',2,'9.00'),(459,'231961784-1',1,'20.00'),(460,'495179524-8',2,'10.00'),(461,'727077642-3',2,'12.00'),(462,'837134095-8',1,'9.00'),(463,'055486679-X',2,'15.00'),(464,'892669047-4',1,'17.00'),(465,'948442542-9',1,'24.00'),(466,'808258884-5',2,'16.00'),(467,'693884349-X',1,'22.00'),(468,'701658279-5',2,'9.00'),(469,'993943344-1',1,'8.00'),(470,'635041109-9',1,'16.00'),(471,'176855674-1',2,'19.00'),(472,'371703573-8',1,'14.00'),(473,'344102506-7',1,'18.00'),(474,'303814313-8',1,'25.00'),(475,'144110657-X',1,'17.00'),(476,'597523771-8',2,'16.00'),(477,'727077642-3',2,'12.00'),(478,'147686310-5',1,'14.00'),(479,'471874548-9',1,'19.00'),(480,'055486679-X',1,'15.00'),(481,'852946882-1',1,'13.00'),(482,'495735728-5',2,'19.00'),(483,'591750046-0',1,'30.00'),(484,'722341701-3',1,'24.00'),(485,'322375502-0',2,'10.00'),(486,'354111690-0',1,'28.00'),(487,'022063167-0',1,'19.00'),(488,'282285169-7',2,'13.00'),(489,'983034988-8',2,'17.00'),(490,'236095896-8',1,'20.00'),(491,'753092907-0',2,'21.00'),(492,'064053449-X',1,'23.00'),(493,'078040767-9',1,'13.00'),(494,'302700728-9',1,'14.00'),(495,'795183770-9',2,'26.00'),(496,'037258204-4',2,'24.00'),(497,'445900493-3',1,'22.00'),(498,'084598677-5',2,'19.00'),(499,'000080142-9',2,'20'),(499,'304075857-8',2,'8.00'),(500,'000403210-1',3,'20.00'),(500,'050913048-8',2,'20.00'),(500,'071334720-1',1,'24.00'),(500,'477453554-0',3,'20.00'),(501,'000080142-9',2,'20'),(501,'050913048-8',2,'20.00');
/*!40000 ALTER TABLE `DETALLE_VENTA` ENABLE KEYS */;
UNLOCK TABLES;
/*!50003 SET @saved_cs_client      = @@character_set_client */ ;
/*!50003 SET @saved_cs_results     = @@character_set_results */ ;
/*!50003 SET @saved_col_connection = @@collation_connection */ ;
/*!50003 SET character_set_client  = utf8mb4 */ ;
/*!50003 SET character_set_results = utf8mb4 */ ;
/*!50003 SET collation_connection  = utf8mb4_0900_ai_ci */ ;
/*!50003 SET @saved_sql_mode       = @@sql_mode */ ;
/*!50003 SET sql_mode              = 'ONLY_FULL_GROUP_BY,STRICT_TRANS_TABLES,NO_ZERO_IN_DATE,NO_ZERO_DATE,ERROR_FOR_DIVISION_BY_ZERO,NO_ENGINE_SUBSTITUTION' */ ;
DELIMITER ;;
/*!50003 CREATE*/ /*!50017 DEFINER=`admin_m`@`%`*/ /*!50003 TRIGGER `verificar_stock` BEFORE INSERT ON `DETALLE_VENTA` FOR EACH ROW begin
	declare stock_disponible int;
	select Stock into stock_disponible
	from LIBRO_EN_VENTA
	where ISBN = new.ISBN;
	
	if stock_disponible is null then
		signal sqlstate '45000'
		set message_text = 'ISBN no encontrado en el inventario';
	elseif new.cantidad > stock_disponible then
		signal sqlstate '45000'
		set message_text = 'No hay suficiente stock para completar la venta';
	end if;
end */;;
DELIMITER ;
/*!50003 SET sql_mode              = @saved_sql_mode */ ;
/*!50003 SET character_set_client  = @saved_cs_client */ ;
/*!50003 SET character_set_results = @saved_cs_results */ ;
/*!50003 SET collation_connection  = @saved_col_connection */ ;
/*!50003 SET @saved_cs_client      = @@character_set_client */ ;
/*!50003 SET @saved_cs_results     = @@character_set_results */ ;
/*!50003 SET @saved_col_connection = @@collation_connection */ ;
/*!50003 SET character_set_client  = utf8mb4 */ ;
/*!50003 SET character_set_results = utf8mb4 */ ;
/*!50003 SET collation_connection  = utf8mb4_0900_ai_ci */ ;
/*!50003 SET @saved_sql_mode       = @@sql_mode */ ;
/*!50003 SET sql_mode              = 'ONLY_FULL_GROUP_BY,STRICT_TRANS_TABLES,NO_ZERO_IN_DATE,NO_ZERO_DATE,ERROR_FOR_DIVISION_BY_ZERO,NO_ENGINE_SUBSTITUTION' */ ;
DELIMITER ;;
/*!50003 CREATE*/ /*!50017 DEFINER=`admin_m`@`%`*/ /*!50003 TRIGGER `actualizar_stock` AFTER INSERT ON `DETALLE_VENTA` FOR EACH ROW begin
	update LIBRO_EN_VENTA
	set Stock = Stock - new.cantidad
	where ISBN = new.ISBN;
end */;;
DELIMITER ;
/*!50003 SET sql_mode              = @saved_sql_mode */ ;
/*!50003 SET character_set_client  = @saved_cs_client */ ;
/*!50003 SET character_set_results = @saved_cs_results */ ;
/*!50003 SET collation_connection  = @saved_col_connection */ ;
/*!50003 SET @saved_cs_client      = @@character_set_client */ ;
/*!50003 SET @saved_cs_results     = @@character_set_results */ ;
/*!50003 SET @saved_col_connection = @@collation_connection */ ;
/*!50003 SET character_set_client  = utf8mb4 */ ;
/*!50003 SET character_set_results = utf8mb4 */ ;
/*!50003 SET collation_connection  = utf8mb4_0900_ai_ci */ ;
/*!50003 SET @saved_sql_mode       = @@sql_mode */ ;
/*!50003 SET sql_mode              = 'ONLY_FULL_GROUP_BY,STRICT_TRANS_TABLES,NO_ZERO_IN_DATE,NO_ZERO_DATE,ERROR_FOR_DIVISION_BY_ZERO,NO_ENGINE_SUBSTITUTION' */ ;
DELIMITER ;;
/*!50003 CREATE*/ /*!50017 DEFINER=`admin_m`@`%`*/ /*!50003 TRIGGER `actualizar_precioTotal_insert` AFTER INSERT ON `DETALLE_VENTA` FOR EACH ROW begin
	declare total decimal(10,2);

	select sum(cantidad * precio_unitario) into total
	from DETALLE_VENTA 
	where id_venta = new.id_venta;

	update VENTA 
	set Precio_total = total
	where ID_venta = new.id_venta;
end */;;
DELIMITER ;
/*!50003 SET sql_mode              = @saved_sql_mode */ ;
/*!50003 SET character_set_client  = @saved_cs_client */ ;
/*!50003 SET character_set_results = @saved_cs_results */ ;
/*!50003 SET collation_connection  = @saved_col_connection */ ;
/*!50003 SET @saved_cs_client      = @@character_set_client */ ;
/*!50003 SET @saved_cs_results     = @@character_set_results */ ;
/*!50003 SET @saved_col_connection = @@collation_connection */ ;
/*!50003 SET character_set_client  = utf8mb4 */ ;
/*!50003 SET character_set_results = utf8mb4 */ ;
/*!50003 SET collation_connection  = utf8mb4_0900_ai_ci */ ;
/*!50003 SET @saved_sql_mode       = @@sql_mode */ ;
/*!50003 SET sql_mode              = 'ONLY_FULL_GROUP_BY,STRICT_TRANS_TABLES,NO_ZERO_IN_DATE,NO_ZERO_DATE,ERROR_FOR_DIVISION_BY_ZERO,NO_ENGINE_SUBSTITUTION' */ ;
DELIMITER ;;
/*!50003 CREATE*/ /*!50017 DEFINER=`admin_m`@`%`*/ /*!50003 TRIGGER `actualizar_precioTotal_update` AFTER UPDATE ON `DETALLE_VENTA` FOR EACH ROW begin
	declare total decimal(10,2);

	select sum(cantidad * precio_unitario) into total
	from DETALLE_VENTA 
	where id_venta = new.id_venta;

	update VENTA 
	set Precio_total = total
	where ID_venta = new.id_venta;
end */;;
DELIMITER ;
/*!50003 SET sql_mode              = @saved_sql_mode */ ;
/*!50003 SET character_set_client  = @saved_cs_client */ ;
/*!50003 SET character_set_results = @saved_cs_results */ ;
/*!50003 SET collation_connection  = @saved_col_connection */ ;

--
-- Table structure for table `GENERO`
--

DROP TABLE IF EXISTS `GENERO`;
/*!40101 SET @saved_cs_client     = @@character_set_client */;
/*!50503 SET character_set_client = utf8mb4 */;
CREATE TABLE `GENERO` (
  `ID_genero` int NOT NULL,
  `Genero` varchar(45) DEFAULT NULL,
  PRIMARY KEY (`ID_genero`)
) ENGINE=InnoDB DEFAULT CHARSET=utf8mb3;
/*!40101 SET character_set_client = @saved_cs_client */;

--
-- Dumping data for table `GENERO`
--

LOCK TABLES `GENERO` WRITE;
/*!40000 ALTER TABLE `GENERO` DISABLE KEYS */;
INSERT INTO `GENERO` VALUES (1,'Ficción'),(2,'No Ficción'),(3,'Fantasía'),(4,'Ciencia Ficción'),(5,'Historia'),(6,'Biografía'),(7,'Poesía'),(8,'Misterio'),(9,'Autoayuda'),(10,'Romance');
/*!40000 ALTER TABLE `GENERO` ENABLE KEYS */;
UNLOCK TABLES;

--
-- Table structure for table `GENERO_GUION`
--

DROP TABLE IF EXISTS `GENERO_GUION`;
/*!40101 SET @saved_cs_client     = @@character_set_client */;
/*!50503 SET character_set_client = utf8mb4 */;
CREATE TABLE `GENERO_GUION` (
  `titulo` varchar(255) CHARACTER SET utf8mb3 COLLATE utf8mb3_general_ci NOT NULL,
  `id_autor` int NOT NULL,
  `id_genero` int NOT NULL,
  PRIMARY KEY (`id_genero`,`titulo`,`id_autor`),
  KEY `titulo` (`titulo`,`id_autor`),
  CONSTRAINT `GENERO_GUION_ibfk_1` FOREIGN KEY (`id_genero`) REFERENCES `GENERO` (`ID_genero`),
  CONSTRAINT `GENERO_GUION_ibfk_2` FOREIGN KEY (`titulo`, `id_autor`) REFERENCES `GUION_LIBRO` (`Titulo`, `id_autor`)
) ENGINE=InnoDB DEFAULT CHARSET=utf8mb4 COLLATE=utf8mb4_0900_ai_ci;
/*!40101 SET character_set_client = @saved_cs_client */;

--
-- Dumping data for table `GENERO_GUION`
--

LOCK TABLES `GENERO_GUION` WRITE;
/*!40000 ALTER TABLE `GENERO_GUION` DISABLE KEYS */;
INSERT INTO `GENERO_GUION` VALUES ('100 Ways to Murder Your Wife (Sha qi er ren zu)',500,1),('12:08 East of Bucharest (A fost sau n-a fost?)',200,3),('14 Blades (Jin yi wei)',278,4),('1408',323,3),('4 Little Girls',30,1),('6954 Kilometriä Kotiin',491,1),('7 Seconds',348,4),('8 (8, the Play)',204,1),('9to5: Days in Porn (a.k.a. 9 to 5: Days in Porn)',453,1),('Aankhen',492,5),('Abols Upe',429,5),('Above and Beyond',76,2),('Above the Rim',88,4),('Adventures of Arsène Lupin, The (Aventures d\'Arsène Lupin, Les)',299,2),('AKA',381,2),('Alive and Ticking (Ein Tick anders)',258,1),('Alpha and Omega 2: A Howl-iday Adventure (Alpha & Omega 2)',57,1),('American Heist',326,1),('American Psycho',59,2),('American Splendor',256,5),('Amorosa',473,2),('An Evening with Robin Williams',407,1),('Andre',175,5),('Annabelle',138,5),('Anniversary Party, The',455,3),('Anvil! The Story of Anvil',254,4),('Are All Men Pedophiles',330,4),('Arnold',121,2),('Assassins',355,5),('Author! Author!',260,2),('Avengers Confidential: Black Widow & Punisher',97,4),('Azumi 2: Death or Love',380,1),('Babylon XX',296,1),('Back to the Beach',144,3),('Bad Day on the Block',136,2),('Barenaked in America',359,1),('Basic Instinct',152,2),('Bat People, The',459,2),('Bed & Board (Domicile conjugal)',9,5),('Beginners',333,2),('Behind Enemy Lines: Colombia (Behind Enemy Lines 3: Ghost Watch)',115,3),('Bekännelsen (Confession, The)',210,4),('Below the Belt',310,5),('Billy Blazes, Esq.',313,1),('Billy Elliot',196,3),('Birdcage Inn (Paran daemun)',290,5),('Bis zum Ellenbogen',85,3),('Black Like Me',269,5),('Black Sea',231,3),('Blackthorn',364,3),('Blood Done Sign My Name',420,2),('Bloodlust: Subspecies III',458,4),('Blue Sky',424,3),('Blueprint for Murder, A',474,1),('Bolivia',238,3),('Bone Collector, The',37,4),('Born to Dance',486,5),('Boston\'s Finest',75,3),('Box, The',335,2),('Boys Are Back, The',306,4),('Boys of Baraka, The',405,2),('Boyz N the Hood',5,2),('Breathe In',135,3),('Bride & Prejudice',400,5),('Buddy Boy',292,5),('Burton and Taylor',293,4),('Butterflies Have No Memories',237,4),('Butterfly Girl',325,5),('Cabaret Balkan (Bure Baruta)',240,3),('Captain America: The First Avenger',96,2),('Cardinal, The',150,5),('Carefree',218,4),('Carnosaur',309,5),('Cat in Paris, A (Une vie de chat)',160,2),('Cement Garden, The',419,5),('Chalet Girl',60,3),('Champion',402,3),('Charlie Chan\'s Greatest Case',436,1),('Charlie Victor Romeo',297,2),('Child Is Waiting, A',324,4),('Child, The (L\'enfant)',49,3),('Children of the Corn II: The Final Sacrifice',101,4),('Choices',139,3),('City Streets',476,3),('Clockwork Orange, A',122,4),('Cluny Brown',206,1),('Cold Moon (Lune froide)',109,4),('Cold Mountain',305,3),('Conan the Destroyer',438,4),('Confessions of a Window Cleaner',275,1),('Construction, The (En construcción)',187,5),('Contracted',46,1),('Cosi',451,5),('Couples Retreat',288,2),('Cry Baby Lane',100,1),('D-War (Dragon Wars)',67,5),('D3: The Mighty Ducks',339,4),('Dabangg 2',404,4),('Dancing Masters, The',390,1),('Dark Skies',499,4),('Days of Thunder',195,3),('Dead Pit, The',413,5),('Dead Ringer',366,4),('Deep Rising',74,3),('Demons 2 (Dèmoni 2... l\'incubo ritorna)',229,3),('Deserter (Dezertir)',395,1),('Desperadoes, The',318,4),('Detention',140,5),('Die Is Cast, The (La suerte está echada)',456,4),('Dirty',198,3),('DMT: The Spirit Molecule',347,1),('Dr. Akagi (Kanzo sensei)',274,5),('Dragonquest',98,5),('Driller Killer, The',154,5),('Drones',417,3),('East Palace West Palace (Dong gong xi gong)',225,5),('Easy Street',161,1),('Eddie Izzard: Glorious',168,4),('Emerald Forest, The',24,4),('Emperor\'s New Groove, The',215,2),('English Patient, The',48,1),('Enigma',224,3),('Enough',211,2),('Everything Relative',234,2),('Everything You Always Wanted to Know About Sex * But Were Afraid to Ask',279,4),('Executive Decision',2,1),('Exit',301,3),('Extraction',106,5),('Eye, The',118,5),('Fagbug',384,3),('Fairly Odd Movie: Grow Up, Timmy Turner!, A',291,3),('Fake It So Real',123,1),('Father and Son (Otets i syn)',343,5),('Fatso',416,2),('Finding Joy',270,4),('Five Minarets in New York (Act of Vengeance) (Terrorist, The)',52,2),('Flannel Pajamas',61,1),('Flawless',457,4),('Flickering Lights (Blinkende lygter)',137,2),('Four Adventures of Reinette and Mirabelle (4 aventures de Reinette et Mirabelle)',467,3),('Four Nights of a Dreamer (Quatre nuits d\'un rêveur)',242,1),('Free Radicals:  A History of Experimental Film',303,5),('Friends at the Margherita Cafe, The (Gli amici del bar Margherita)',354,2),('Frisco Jenny',171,3),('Funeral, The (Ososhiki)',284,3),('Funny Lady',162,2),('Futureworld',223,1),('Garfield\'s Pet Force',226,5),('Gathering of Old Men, A (Murder on the Bayou)',227,1),('Generation X',374,4),('George Harrison: Living in the Material World',481,4),('Ghosts (Gespenster)',143,3),('Gingerbread Man, The',241,5),('Girl in Progress',328,1),('Given Word, The (O Pagador de Promessas)',361,4),('Glengarry Glen Ross',251,1),('Glimpse Inside the Mind of Charles Swan III, A',208,3),('Going Ape!',63,3),('Going to Pieces: The Rise and Fall of the Slasher Film',259,1),('Goodbye, 20th Century',314,5),('Goya: Crazy Like a Genius',477,1),('Grand Illusion (La grande illusion)',84,4),('Grand Tour: Disaster in Time (Timescape)',232,5),('Great Train Robbery, The (a.k.a. First Great Train Robbery, The)',35,3),('Greetings',62,4),('Guter Junge',388,4),('Guy X',398,4),('Guyana Tragedy: The Story of Jim Jones',434,5),('H.H. Holmes: America\'s First Serial Killer',249,3),('Hands Over the City (Le mani sulla città)',90,1),('Hanging Garden, The',173,1),('Hangman\'s House',272,1),('Happy Gilmore',490,5),('Haunted Echoes',497,3),('Headfirst',163,5),('Heartbeat',415,2),('Hearts and Minds',377,2),('Heavy Metal in Baghdad',104,3),('Hebrew Hammer, The',397,2),('Hecho en México',94,1),('Hellbenders',170,1),('Hellboy II: The Golden Army',298,4),('Hello Down There',213,4),('Help, The',267,1),('High School Musical 2',40,3),('Hired Hand, The',214,2),('Hitch-Hiker, The',250,5),('Home Alone 4',153,2),('Homegrown',422,5),('Homer & Eddie',167,2),('Honor Among Thieves (Adieu l\'ami) (Farewell, Friend)',19,1),('Hotel Pacific (Zaklete rewiry)',433,4),('Human Race, The',294,3),('I Am Not a Hipster',233,4),('I\'m Starting From Three (Ricomincio da Tre)',39,1),('Illustrated Man, The',142,2),('Illustrious Corpses (Cadaveri eccellenti)',91,3),('In July (Im Juli)',92,3),('Inherit the Wind',437,1),('Intern, The',406,2),('Into Great Silence (Die große Stille)',281,4),('Into the Storm',79,5),('Istanbul',496,5),('It\'s Impossible to Learn to Plow by Reading Books',261,4),('Itinerary of a Spoiled Child',110,4),('Jakob the Liar',444,4),('Japanese Story',189,2),('Jerk Theory, The',13,4),('Jewel of the Nile, The',179,5),('Jonestown: Paradise Lost',247,3),('Journey to the Center of the Earth',169,5),('Journey to the West: Conquering the Demons (Daai wa sai you chi Chui mo chun kei)',341,3),('Ju-on: The Beginning of the End (Ju-on: Owari no hajimari)',280,1),('Junior',385,2),('Just 4 Kicks',99,4),('K-PAX',31,2),('Kandahar (Safar e Ghandehar)',21,1),('Keep the Lights On',23,3),('Killer Klowns from Outer Space',345,5),('Killing Machine, The (Icarus)',126,2),('Kiss Me, Guido',387,2),('Kiss of Death',262,2),('Kon-Tiki',302,4),('Ladrones',182,2),('Landscape in the Mist (Topio stin omichli)',401,2),('Last Circus, The (Balada triste de trompeta) (Sad Trumpet Ballad, A)',479,3),('Last Holiday',183,5),('Last Kiss, The (Ultimo bacio, L\')',315,4),('Late Night Shopping',462,3),('Left Hand of God, The',358,3),('Legionnaire',266,1),('Leningrad Cowboys Go America',64,3),('Leprechaun',414,5),('Let it Rain (Parlez-moi de la pluie)',320,2),('Let No Man Write My Epitaph',45,4),('Letters to Juliet',371,4),('Light the Fuse... Sartana Is Coming',409,5),('Likeable Mister R, The (Simpaticul domn R)',47,2),('Lilting',337,2),('Listy do M.',51,4),('Little Caesar',382,4),('Little Traitor, The',7,5),('Living Proof',69,4),('Loaded',236,4),('London',378,4),('London Boulevard',442,1),('London River',338,2),('Lone Wolf and Cub: Sword of Vengeance (Kozure Ôkami: Kowokashi udekashi tsukamatsuru)',194,4),('Long Day\'s Journey Into Night',394,5),('Loser Takes All, The (O hamenos ta pairnei ola)',87,4),('Lost in Yonkers',421,2),('Lourdes',432,1),('Love and Anarchy (Film d\'amore e d\'anarchia, ovvero \'stamattina alle 10 in via dei Fiori nella nota casa di tolleranza...\')',391,4),('Love Exposure (Ai No Mukidashi)',26,1),('Love in the Time of Hysteria (Sólo con tu pareja)',190,5),('Love of Siam, The (Rak haeng Siam)',80,3),('Low Life',252,3),('Mad Ron\'s Prevues from Hell',193,1),('Magnificent Seven Ride!, The',6,4),('Major League: Back to the Minors',38,2),('Man Who Laughs, The',464,1),('Man Who Loved Women, The (Homme qui aimait les femmes, L\')',120,4),('Manxman, The',489,3),('Marie Antoinette',336,5),('Masquerade (Gwanghai, Wangyidoen namja)',221,1),('Matrix Reloaded, The',319,5),('Maximum Risk',494,1),('Maze',439,3),('Medora',329,3),('Meet the Spartans',321,2),('Meilleur espoir féminin',41,3),('Meltdown (Shu dan long wei)',255,3),('Men in the City (Männerherzen)',58,1),('Merchant of Venice, The',212,1),('Minnie and Moskowitz',379,4),('Misconception',112,5),('Missing Picture, The (L\'image manquante)',108,3),('Missing William',425,3),('Mission London',344,1),('Model',155,4),('Moonlight Mile',360,5),('Mortel transfert',244,4),('Mortician, The',265,1),('Moving Alan',86,2),('Mr. Wu',342,3),('Mrs. Soffel',307,4),('Mrs. Soffel',471,4),('Mummies: Secrets of the Pharaohs (a.k.a. Mummies 3D)',1,1),('Mummy\'s Curse, The',172,3),('Murder at the Gallop',410,3),('My Father and the Man in Black',15,1),('Myriad of Lights (Lights of Ten Thousand Homes, The) (Wanjia denghuo)',427,5),('Mysterious Object at Noon (Dokfa nai meuman)',369,3),('Night Crossing',199,2),('Ninth Configuration, The (a.k.a. Twinkle, Twinkle, Killer Kane)',450,2),('Normal Heart, The',54,5),('North Dallas Forty',472,5),('Oh My God',151,2),('Old San Francisco',180,4),('Omega Code, The',300,3),('Omen, The',125,3),('On the Outs',399,5),('On the Town',448,5),('Once Upon a Forest',289,3),('Open Season 3',146,3),('Out of It (La carapate)',389,2),('Over the Hedge',484,3),('På sista versen',246,5),('Pagemaster, The',129,5),('Palookaville',178,5),('Pancho, the Millionaire Dog',362,2),('Panic Button',105,4),('Panic in Needle Park, The',68,2),('Patti Smith: Dream of Life',418,3),('Patton Oswalt: My Weakness Is Strong',363,2),('Patton Oswalt: No Reason to Complain',158,2),('Petits Freres (Petits Frères)',431,1),('Physician, The',71,2),('Platform (Zhantai)',357,2),('Player\'s Club, The',53,5),('Playing for Keeps',370,4),('Policeman (Ha-shoter)',446,3),('Portrait of Jennie',470,1),('Postman Blues',353,1),('Prick Up Your Ears',340,2),('Prime Suspect 3',239,4),('Project Wild Thing',141,3),('Prom Queen: The Marc Hall Story',27,5),('Public Enemies',174,4),('Puss in Boots: The Three Diablos',352,1),('R-Point (Arpointeu)',311,3),('Rachel Papers, The',176,3),('Ready to Wear (Pret-A-Porter)',197,5),('Reclaim Your Brain (Free Rainer)',365,5),('Red Heat',219,4),('Red Scorpion',386,3),('Reds',8,1),('Regular Guys (Echte Kerle)',331,5),('Remote Control',89,2),('Report on the Party and the Guests, A (O slavnosti a hostech)',43,5),('Requiem for a Vampire (Vierges et vampires)',82,2),('Revenge of the Nerds III: The Next Generation',42,1),('Rickshaw Man, The (Muhomatsu no issho)',368,1),('Romero',32,1),('Royal Flash',70,4),('Rudolph, the Red-Nosed Reindeer',248,3),('Running from Crazy',201,3),('Running Mates',243,5),('Saboteur',334,2),('Sachs\' Disease (La maladie de Sachs)',93,2),('Sacrament, The',428,2),('Sacred Heart',367,5),('Salsa',159,4),('Salt',263,1),('Santa Claus: The Movie',33,4),('Saratoga',44,3),('Saved!',283,3),('Savior',488,4),('Saw IV',304,5),('Say It Isn\'t So',285,3),('Scattered Clouds (Midaregumo)',185,3),('Scorpio Rising',349,1),('Second Best',117,5),('Send a Bullet (Manda Bala)',286,3),('Seven Little Foys, The',18,3),('Seven Little Foys, The',372,1),('Sex, Lies, and Videotape',287,2),('Shadow Boxers',205,2),('Shanghai',130,5),('Sharknado',132,2),('Shifty',356,3),('Shipwrecked (a.k.a. Haakon Haakonsen)',478,3),('Shirin in Love',3,5),('Shoot-Out at Medicine Bend',483,4),('Shottas',50,5),('Showgirls',14,4),('Showrunners: The Art of Running a TV Show',316,5),('Sinbad of the Seven Seas',282,1),('Singing Detective, The',133,2),('Slender Thread, The',25,4),('Slim Carter',443,2),('Snake Woman\'s Curse',245,2),('So Fine',12,5),('So I Married an Axe Murderer',475,2),('Solaris (Solyaris)',461,2),('Some Body',107,4),('Sorority House Massacre II',469,5),('Spanish Earth, The',111,4),('Speak',203,1),('Sphere',235,5),('Spider Baby or, The Maddest Story Ever Told (Spider Baby)',192,1),('Spinout',29,3),('Spun',147,2),('Spun',186,1),('Stage Door Canteen',271,4),('Stanley Kubrick: A Life in Pictures',498,5),('Starship Invasions',216,1),('Stealth',34,3),('Stella: Live in Boston',78,2),('Stepmom',166,3),('Stooge, The',375,3),('Strange Invaders',22,4),('Stuff, The',465,2),('Sublime',257,5),('Sucker, The (Corniaud, Le)',228,1),('Summer Lovers',253,5),('Sunshine on Leith ',36,4),('Super Hero Party Clown',188,2),('Superman IV: The Quest for Peace',81,5),('Supermen of Malegaon',268,2),('Table No.21',411,3),('Taffin',127,5),('Tai Chi Zero',423,2),('Take, The',95,3),('Taken',11,4),('Tapeheads',148,1),('Tarantella',116,3),('Teddy Bear (10 timer til Paradis)',273,4),('Tell-Tale',102,5),('Tennessee',480,4),('Thampu',327,5),('Thanks for Sharing',322,3),('The Dot and the Line : A Romance in Lower Mathematics',392,1),('The Elephant Man',430,1),('The Hunting Ground',376,4),('The Joy of Living',460,4),('The Last Diamond',55,2),('The Package',114,4),('The Private Life of Deer',83,2),('The Strange Affair',463,5),('They All Laughed',17,4),('Thief, The (Vor)',276,3),('Thirteen',145,2),('Thirteenth Floor, The',350,4),('Thirty-Five Something (Tout pour plaire)',466,5),('Thirty-Two Short Films About Glenn Gould',28,2),('This Filthy World',495,4),('Three Caballeros, The',124,5),('Three on a Weekend',412,2),('Three Times (Zui hao de shi guang)',351,3),('Three Way',156,3),('Thrust in Me',73,2),('Ticking Clock',191,4),('Timecop',332,5),('To the Sea (Alamar)',435,5),('Tobor the Great',103,1),('Tol\'able David',308,5),('Tombstone',66,2),('Torn Curtain',264,5),('Toy Story Toons: Hawaiian Vacation',56,4),('Trader Games (Krach)',222,3),('Transformers: Age of Extinction',454,4),('Trial and Error',393,1),('Twelve Angry Men',134,1),('Twentieth Century',403,1),('Two Night Stand',157,4),('Tyler Perry\'s I Can Do Bad All by Myself',441,4),('Underground',220,4),('Union Square',4,3),('Unlikely Weapon, An',217,3),('Unstoppable',77,1),('Van Gogh',317,5),('Verbo',396,4),('Vertical Limit',10,1),('Victory Through Air Power',119,1),('Vikings, The',207,4),('Walk Hard: The Dewey Cox Story',312,5),('War Within, The',149,5),('Warm Bodies',383,1),('Waterland',177,4),('Waterloo Bridge',209,4),('We Won\'t Grow Old Together (Nous ne vieillirons pas ensemble)',20,4),('Wedding Date, The',449,1),('Weekend',165,3),('Weekend (a.k.a. Le Week-end) (Week End)',181,5),('Weight of the Nation',447,5),('Welcome to Woop-Woop',113,1),('Were the World Mine',164,5),('When Strangers Appear',426,4),('Where the Truth Lies',202,2),('Whirlpool',468,4),('White Bird in a Blizzard',131,2),('Whiteout',373,2),('Who the #$&% is Jackson Pollock?',487,1),('Wild, Wild Planet (I criminali della galassia)',295,2),('Wildflowers',445,1),('Wind Rises, The (Kaze tachinu)',346,4),('Wise Guys',485,4),('With Friends Like These...',184,2),('Women in Love',452,4),('Won\'t Back Down',16,3),('Words, The',65,3),('World Is Not Enough, The',482,3),('Wrestling with Alligators',277,3),('XX/XY',408,1),('You Got Served',493,2),('Your Vice is a Locked Room and Only I Have the Key',128,5),('Zero',230,1),('Zone Troopers',72,4),('Zoot Suit',440,1);
/*!40000 ALTER TABLE `GENERO_GUION` ENABLE KEYS */;
UNLOCK TABLES;

--
-- Table structure for table `GUION_LIBRO`
--

DROP TABLE IF EXISTS `GUION_LIBRO`;
/*!40101 SET @saved_cs_client     = @@character_set_client */;
/*!50503 SET character_set_client = utf8mb4 */;
CREATE TABLE `GUION_LIBRO` (
  `Titulo` varchar(255) NOT NULL,
  `id_autor` int NOT NULL,
  `sinopsis` text,
  PRIMARY KEY (`Titulo`,`id_autor`),
  KEY `fk_GUION_LIBRO_AUTOR1_idx` (`id_autor`),
  CONSTRAINT `fk_GUION_LIBRO_AUTOR1` FOREIGN KEY (`id_autor`) REFERENCES `AUTOR` (`ID_autor`)
) ENGINE=InnoDB DEFAULT CHARSET=utf8mb3;
/*!40101 SET character_set_client = @saved_cs_client */;

--
-- Dumping data for table `GUION_LIBRO`
--

LOCK TABLES `GUION_LIBRO` WRITE;
/*!40000 ALTER TABLE `GUION_LIBRO` DISABLE KEYS */;
INSERT INTO `GUION_LIBRO` VALUES ('100 Ways to Murder Your Wife (Sha qi er ren zu)',500,NULL),('12:08 East of Bucharest (A fost sau n-a fost?)',200,NULL),('14 Blades (Jin yi wei)',278,NULL),('1408',323,'Un escritor se enfrenta a sus peores miedos en una habitación de hotel.'),('4 Little Girls',30,NULL),('6954 Kilometriä Kotiin',491,'Una niña recorre miles de kilómetros hacia una nueva vida.'),('7 Seconds',348,NULL),('8 (8, the Play)',204,'Un juicio pone a prueba las creencias y la lealtad de una comunidad.'),('9to5: Days in Porn (a.k.a. 9 to 5: Days in Porn)',453,NULL),('Aankhen',492,NULL),('Abols Upe',429,NULL),('Above and Beyond',76,NULL),('Above the Rim',88,NULL),('Adventures of Arsène Lupin, The (Aventures d\'Arsène Lupin, Les)',299,NULL),('AKA',381,NULL),('Alive and Ticking (Ein Tick anders)',258,NULL),('Alpha and Omega 2: A Howl-iday Adventure (Alpha & Omega 2)',57,'Una manada de lobos vive una aventura navideña inolvidable.'),('American Heist',326,NULL),('American Psycho',59,NULL),('American Splendor',256,NULL),('Amorosa',473,NULL),('An Evening with Robin Williams',407,NULL),('Andre',175,NULL),('Annabelle',138,NULL),('Anniversary Party, The',455,NULL),('Anvil! The Story of Anvil',254,'Una banda de heavy metal lucha por sobrevivir en la industria musical.'),('Are All Men Pedophiles',330,NULL),('Arnold',121,NULL),('Assassins',355,NULL),('Author! Author!',260,NULL),('Avengers Confidential: Black Widow & Punisher',97,'Black Widow y Punisher se unen para detener una amenaza global.'),('Azumi 2: Death or Love',380,NULL),('Babylon XX',296,'Una visión surrealista del futuro de la humanidad.'),('Back to the Beach',144,NULL),('Bad Day on the Block',136,NULL),('Barenaked in America',359,'Una banda de rock vive su gira más reveladora.'),('Basic Instinct',152,NULL),('Bat People, The',459,NULL),('Bed & Board (Domicile conjugal)',9,NULL),('Beginners',333,NULL),('Behind Enemy Lines: Colombia (Behind Enemy Lines 3: Ghost Watch)',115,'Soldados en una misión peligrosa en la jungla colombiana.'),('Bekännelsen (Confession, The)',210,'Un asesino confiesa un crimen en una sesión religiosa.'),('Below the Belt',310,NULL),('Billy Blazes, Esq.',313,NULL),('Billy Elliot',196,NULL),('Birdcage Inn (Paran daemun)',290,'Una joven desafía las reglas sociales en una pensión costera.'),('Bis zum Ellenbogen',85,NULL),('Black Like Me',269,NULL),('Black Sea',231,NULL),('Blackthorn',364,NULL),('Blood Done Sign My Name',420,NULL),('Bloodlust: Subspecies III',458,NULL),('Blue Sky',424,NULL),('Blueprint for Murder, A',474,NULL),('Bolivia',238,NULL),('Bone Collector, The',37,NULL),('Born to Dance',486,NULL),('Boston\'s Finest',75,'Una mirada real al trabajo de la policía de Boston.'),('Box, The',335,NULL),('Boys Are Back, The',306,NULL),('Boys of Baraka, The',405,NULL),('Boyz N the Hood',5,NULL),('Breathe In',135,NULL),('Bride & Prejudice',400,NULL),('Buddy Boy',292,NULL),('Burton and Taylor',293,'Dos leyendas del cine recrean su relación tormentosa.'),('Butterflies Have No Memories',237,NULL),('Butterfly Girl',325,NULL),('Cabaret Balkan (Bure Baruta)',240,NULL),('Captain America: The First Avenger',96,NULL),('Cardinal, The',150,NULL),('Carefree',218,'Una historia ligera sobre dejarse llevar por la música y el amor.'),('Carnosaur',309,NULL),('Cat in Paris, A (Une vie de chat)',160,NULL),('Cement Garden, The',419,NULL),('Chalet Girl',60,NULL),('Champion',402,NULL),('Charlie Chan\'s Greatest Case',436,'Un detective investiga el mayor caso del legendario Charlie Chan.'),('Charlie Victor Romeo',297,NULL),('Child Is Waiting, A',324,NULL),('Child, The (L\'enfant)',49,NULL),('Children of the Corn II: The Final Sacrifice',101,NULL),('Choices',139,NULL),('City Streets',476,NULL),('Clockwork Orange, A',122,NULL),('Cluny Brown',206,'Una joven criada trastorna la vida de una familia inglesa.'),('Cold Moon (Lune froide)',109,'Dos hombres enfrentan el peso del pasado en una noche gélida.'),('Cold Mountain',305,'Una historia de amor florece durante el caos de la guerra civil.'),('Conan the Destroyer',438,NULL),('Confessions of a Window Cleaner',275,'Un limpiador de ventanas se enreda en situaciones cómicas y picantes.'),('Construction, The (En construcción)',187,NULL),('Contracted',46,'Una infección convierte a una joven en algo más que humana.'),('Cosi',451,NULL),('Couples Retreat',288,NULL),('Cry Baby Lane',100,'Una leyenda urbana cobra vida en una noche maldita.'),('D-War (Dragon Wars)',67,NULL),('D3: The Mighty Ducks',339,NULL),('Dabangg 2',404,NULL),('Dancing Masters, The',390,'Dos bailarines torpes se meten en líos mientras enseñan danza.'),('Dark Skies',499,NULL),('Days of Thunder',195,NULL),('Dead Pit, The',413,'Una entidad demoníaca aterroriza a los internos de un hospital abandonado.'),('Dead Ringer',366,'Una mujer recibe una herencia envenenada y se convierte en objetivo.'),('Deep Rising',74,NULL),('Demons 2 (Dèmoni 2... l\'incubo ritorna)',229,NULL),('Deserter (Dezertir)',395,NULL),('Desperadoes, The',318,NULL),('Detention',140,NULL),('Die Is Cast, The (La suerte está echada)',456,NULL),('Dirty',198,NULL),('DMT: The Spirit Molecule',347,NULL),('Dr. Akagi (Kanzo sensei)',274,NULL),('Dragonquest',98,NULL),('Driller Killer, The',154,NULL),('Drones',417,NULL),('East Palace West Palace (Dong gong xi gong)',225,'Un amor prohibido florece dentro de una prisión china.'),('Easy Street',161,'Un vagabundo se convierte en héroe accidental en un barrio peligroso.'),('Eddie Izzard: Glorious',168,NULL),('Emerald Forest, The',24,NULL),('Emperor\'s New Groove, The',215,NULL),('English Patient, The',48,NULL),('Enigma',224,NULL),('Enough',211,NULL),('Everything Relative',234,NULL),('Everything You Always Wanted to Know About Sex * But Were Afraid to Ask',279,NULL),('Executive Decision',2,NULL),('Exit',301,NULL),('Extraction',106,NULL),('Eye, The',118,'Una joven ciega ve figuras aterradoras después de un trasplante de córnea.'),('Fagbug',384,NULL),('Fairly Odd Movie: Grow Up, Timmy Turner!, A',291,'Timmy Turner debe dejar de usar su magia para crecer.'),('Fake It So Real',123,NULL),('Father and Son (Otets i syn)',343,NULL),('Fatso',416,'Un hombre con sobrepeso enfrenta los desafíos del amor.'),('Finding Joy',270,NULL),('Five Minarets in New York (Act of Vengeance) (Terrorist, The)',52,'Un conflicto religioso internacional sacude Nueva York.'),('Flannel Pajamas',61,NULL),('Flawless',457,'Dos hombres muy distintos forjan una amistad inesperada.'),('Flickering Lights (Blinkende lygter)',137,NULL),('Four Adventures of Reinette and Mirabelle (4 aventures de Reinette et Mirabelle)',467,NULL),('Four Nights of a Dreamer (Quatre nuits d\'un rêveur)',242,NULL),('Free Radicals:  A History of Experimental Film',303,NULL),('Friends at the Margherita Cafe, The (Gli amici del bar Margherita)',354,NULL),('Frisco Jenny',171,NULL),('Funeral, The (Ososhiki)',284,NULL),('Funny Lady',162,NULL),('Futureworld',223,NULL),('Garfield\'s Pet Force',226,'Garfield y sus amigos deben salvar el universo de una amenaza alienígena.'),('Gathering of Old Men, A (Murder on the Bayou)',227,NULL),('Generation X',374,NULL),('George Harrison: Living in the Material World',481,NULL),('Ghosts (Gespenster)',143,NULL),('Gingerbread Man, The',241,NULL),('Girl in Progress',328,NULL),('Given Word, The (O Pagador de Promessas)',361,NULL),('Glengarry Glen Ross',251,'Un grupo de vendedores lucha por sobrevivir en un ambiente despiadado.'),('Glimpse Inside the Mind of Charles Swan III, A',208,'Un artista excéntrico lidia con la pérdida, el arte y el amor.'),('Going Ape!',63,NULL),('Going to Pieces: The Rise and Fall of the Slasher Film',259,'Documental sobre el auge y caída del cine slasher.'),('Goodbye, 20th Century',314,'Un ritual macabro marca el fin del siglo XX en Macedonia.'),('Goya: Crazy Like a Genius',477,NULL),('Grand Illusion (La grande illusion)',84,NULL),('Grand Tour: Disaster in Time (Timescape)',232,NULL),('Great Train Robbery, The (a.k.a. First Great Train Robbery, The)',35,NULL),('Greetings',62,'Un joven explora los límites del arte y la identidad en los años 60.'),('Guter Junge',388,'Un joven busca su identidad entre verdades incómodas.'),('Guy X',398,NULL),('Guyana Tragedy: The Story of Jim Jones',434,NULL),('H.H. Holmes: America\'s First Serial Killer',249,NULL),('Hands Over the City (Le mani sulla città)',90,NULL),('Hanging Garden, The',173,NULL),('Hangman\'s House',272,NULL),('Happy Gilmore',490,'Un golfista con mal genio se convierte en héroe del green.'),('Haunted Echoes',497,NULL),('Headfirst',163,NULL),('Heartbeat',415,NULL),('Hearts and Minds',377,NULL),('Heavy Metal in Baghdad',104,'Una banda de heavy metal desafía la guerra para tocar música.'),('Hebrew Hammer, The',397,NULL),('Hecho en México',94,NULL),('Hellbenders',170,NULL),('Hellboy II: The Golden Army',298,NULL),('Hello Down There',213,NULL),('Help, The',267,NULL),('High School Musical 2',40,NULL),('Hired Hand, The',214,NULL),('Hitch-Hiker, The',250,'Dos criminales huyen a través del desierto americano.'),('Home Alone 4',153,NULL),('Homegrown',422,'Un trío de hippies cultiva marihuana en California.'),('Homer & Eddie',167,'Dos marginados emprenden un viaje lleno de locura y ternura.'),('Honor Among Thieves (Adieu l\'ami) (Farewell, Friend)',19,NULL),('Hotel Pacific (Zaklete rewiry)',433,NULL),('Human Race, The',294,NULL),('I Am Not a Hipster',233,NULL),('I\'m Starting From Three (Ricomincio da Tre)',39,NULL),('Illustrated Man, The',142,NULL),('Illustrious Corpses (Cadaveri eccellenti)',91,NULL),('In July (Im Juli)',92,'Un joven se enamora durante un viaje improvisado por Europa.'),('Inherit the Wind',437,NULL),('Intern, The',406,'Un interno de mediana edad revoluciona una pasantía empresarial.'),('Into Great Silence (Die große Stille)',281,'Un documental sobre el silencio absoluto en un monasterio.'),('Into the Storm',79,NULL),('Istanbul',496,NULL),('It\'s Impossible to Learn to Plow by Reading Books',261,NULL),('Itinerary of a Spoiled Child',110,NULL),('Jakob the Liar',444,'Un hombre sobrevive en un gueto nazi fingiendo que todo es una historia.'),('Japanese Story',189,NULL),('Jerk Theory, The',13,NULL),('Jewel of the Nile, The',179,NULL),('Jonestown: Paradise Lost',247,NULL),('Journey to the Center of the Earth',169,NULL),('Journey to the West: Conquering the Demons (Daai wa sai you chi Chui mo chun kei)',341,NULL),('Ju-on: The Beginning of the End (Ju-on: Owari no hajimari)',280,'Una nueva maldición vuelve a atormentar a los habitantes de una casa japonesa.'),('Junior',385,NULL),('Just 4 Kicks',99,'Dos jóvenes descubren el poder del trabajo en equipo jugando fútbol.'),('K-PAX',31,'Un hombre afirma venir de otro planeta, confundiendo a todos.'),('Kandahar (Safar e Ghandehar)',21,NULL),('Keep the Lights On',23,'Dos hombres se enfrentan al amor, la adicción y la verdad.'),('Killer Klowns from Outer Space',345,NULL),('Killing Machine, The (Icarus)',126,NULL),('Kiss Me, Guido',387,NULL),('Kiss of Death',262,NULL),('Kon-Tiki',302,NULL),('Ladrones',182,'Un grupo de ladrones se enfrenta a un golpe que cambiará sus vidas.'),('Landscape in the Mist (Topio stin omichli)',401,'Dos niños viajan por Grecia buscando a su padre.'),('Last Circus, The (Balada triste de trompeta) (Sad Trumpet Ballad, A)',479,NULL),('Last Holiday',183,NULL),('Last Kiss, The (Ultimo bacio, L\')',315,NULL),('Late Night Shopping',462,NULL),('Left Hand of God, The',358,NULL),('Legionnaire',266,NULL),('Leningrad Cowboys Go America',64,NULL),('Leprechaun',414,NULL),('Let it Rain (Parlez-moi de la pluie)',320,NULL),('Let No Man Write My Epitaph',45,'Una joven lucha contra el destino marcado por su entorno marginal.'),('Letters to Juliet',371,'Una carta perdida en Italia despierta una historia de amor del pasado.'),('Light the Fuse... Sartana Is Coming',409,'Un forajido regresa con un nuevo estilo letal.'),('Likeable Mister R, The (Simpaticul domn R)',47,NULL),('Lilting',337,NULL),('Listy do M.',51,NULL),('Little Caesar',382,'Un mafioso asciende en el crimen organizado con mano de hierro.'),('Little Traitor, The',7,NULL),('Living Proof',69,NULL),('Loaded',236,NULL),('London',378,NULL),('London Boulevard',442,'Un exconvicto intenta cambiar su destino en Londres.'),('London River',338,NULL),('Lone Wolf and Cub: Sword of Vengeance (Kozure Ôkami: Kowokashi udekashi tsukamatsuru)',194,'Un samurái solitario protege a su hijo en un mundo despiadado.'),('Long Day\'s Journey Into Night',394,NULL),('Loser Takes All, The (O hamenos ta pairnei ola)',87,NULL),('Lost in Yonkers',421,NULL),('Lourdes',432,'Una mujer enferma experimenta posibles milagros en un santuario.'),('Love and Anarchy (Film d\'amore e d\'anarchia, ovvero \'stamattina alle 10 in via dei Fiori nella nota casa di tolleranza...\')',391,NULL),('Love Exposure (Ai No Mukidashi)',26,NULL),('Love in the Time of Hysteria (Sólo con tu pareja)',190,NULL),('Love of Siam, The (Rak haeng Siam)',80,NULL),('Low Life',252,NULL),('Mad Ron\'s Prevues from Hell',193,'Una colección de trailers de terror con comentarios oscuros.'),('Magnificent Seven Ride!, The',6,'Un grupo de vaqueros se une por última vez para proteger a inocentes.'),('Major League: Back to the Minors',38,NULL),('Man Who Laughs, The',464,'Un hombre desfigurado se convierte en un símbolo de esperanza y temor.'),('Man Who Loved Women, The (Homme qui aimait les femmes, L\')',120,NULL),('Manxman, The',489,NULL),('Marie Antoinette',336,NULL),('Masquerade (Gwanghai, Wangyidoen namja)',221,NULL),('Matrix Reloaded, The',319,NULL),('Maximum Risk',494,NULL),('Maze',439,NULL),('Medora',329,NULL),('Meet the Spartans',321,NULL),('Meilleur espoir féminin',41,'Una joven promesa del cine lucha por alcanzar sus sueños.'),('Meltdown (Shu dan long wei)',255,NULL),('Men in the City (Männerherzen)',58,NULL),('Merchant of Venice, The',212,NULL),('Minnie and Moskowitz',379,NULL),('Misconception',112,'Una mirada crítica al sistema de fertilidad y adopción moderno.'),('Missing Picture, The (L\'image manquante)',108,NULL),('Missing William',425,NULL),('Mission London',344,NULL),('Model',155,NULL),('Moonlight Mile',360,NULL),('Mortel transfert',244,'Una sesión de hipnosis desata un viaje inesperado.'),('Mortician, The',265,NULL),('Moving Alan',86,'Un secuestro desata una cadena de decisiones inesperadas.'),('Mr. Wu',342,NULL),('Mrs. Soffel',307,NULL),('Mrs. Soffel',471,NULL),('Mummies: Secrets of the Pharaohs (a.k.a. Mummies 3D)',1,'Un viaje inmersivo al mundo de las momias y su historia.'),('Mummy\'s Curse, The',172,NULL),('Murder at the Gallop',410,'Una detective aficionada resuelve un crimen en una pequeña comunidad.'),('My Father and the Man in Black',15,NULL),('Myriad of Lights (Lights of Ten Thousand Homes, The) (Wanjia denghuo)',427,'Una mirada íntima a la vida cotidiana tras la guerra en China.'),('Mysterious Object at Noon (Dokfa nai meuman)',369,NULL),('Night Crossing',199,NULL),('Ninth Configuration, The (a.k.a. Twinkle, Twinkle, Killer Kane)',450,NULL),('Normal Heart, The',54,NULL),('North Dallas Forty',472,NULL),('Oh My God',151,NULL),('Old San Francisco',180,'Una historia de romance y traición en el antiguo San Francisco.'),('Omega Code, The',300,NULL),('Omen, The',125,NULL),('On the Outs',399,NULL),('On the Town',448,'Tres marineros conquistan Nueva York en busca de amor y diversión.'),('Once Upon a Forest',289,NULL),('Open Season 3',146,NULL),('Out of It (La carapate)',389,NULL),('Over the Hedge',484,'Un grupo de animales del bosque se enfrenta al avance humano con humor.'),('På sista versen',246,NULL),('Pagemaster, The',129,'Un niño se pierde en un mundo mágico lleno de libros vivientes.'),('Palookaville',178,'Tres perdedores intentan dar un gran golpe para cambiar su suerte.'),('Pancho, the Millionaire Dog',362,NULL),('Panic Button',105,NULL),('Panic in Needle Park, The',68,NULL),('Patti Smith: Dream of Life',418,'Un retrato íntimo de la legendaria artista Patti Smith.'),('Patton Oswalt: My Weakness Is Strong',363,NULL),('Patton Oswalt: No Reason to Complain',158,NULL),('Petits Freres (Petits Frères)',431,NULL),('Physician, The',71,NULL),('Platform (Zhantai)',357,NULL),('Player\'s Club, The',53,'Una joven bailarina se sumerge en un mundo de lujos y peligros.'),('Playing for Keeps',370,NULL),('Policeman (Ha-shoter)',446,NULL),('Portrait of Jennie',470,NULL),('Postman Blues',353,NULL),('Prick Up Your Ears',340,NULL),('Prime Suspect 3',239,NULL),('Project Wild Thing',141,NULL),('Prom Queen: The Marc Hall Story',27,'Una historia real sobre la lucha por el amor en medio del prejuicio.'),('Public Enemies',174,NULL),('Puss in Boots: The Three Diablos',352,NULL),('R-Point (Arpointeu)',311,NULL),('Rachel Papers, The',176,'Un joven escritor se ve atrapado entre el amor y el fracaso literario.'),('Ready to Wear (Pret-A-Porter)',197,NULL),('Reclaim Your Brain (Free Rainer)',365,NULL),('Red Heat',219,'Un policía americano y una rusa enfrentan el crimen en Chicago.'),('Red Scorpion',386,NULL),('Reds',8,'Una historia de amor y revolución en los años 30.'),('Regular Guys (Echte Kerle)',331,NULL),('Remote Control',89,NULL),('Report on the Party and the Guests, A (O slavnosti a hostech)',43,NULL),('Requiem for a Vampire (Vierges et vampires)',82,NULL),('Revenge of the Nerds III: The Next Generation',42,NULL),('Rickshaw Man, The (Muhomatsu no issho)',368,NULL),('Romero',32,NULL),('Royal Flash',70,NULL),('Rudolph, the Red-Nosed Reindeer',248,NULL),('Running from Crazy',201,'Una mujer revisita su pasado familiar para sanar sus heridas.'),('Running Mates',243,NULL),('Saboteur',334,NULL),('Sachs\' Disease (La maladie de Sachs)',93,NULL),('Sacrament, The',428,'Un grupo religioso celebra su fe con rituales inquietantes.'),('Sacred Heart',367,'Una joven revive los horrores de su infancia en un convento.'),('Salsa',159,'El baile se convierte en el lenguaje del alma en este musical latino.'),('Salt',263,NULL),('Santa Claus: The Movie',33,NULL),('Saratoga',44,NULL),('Saved!',283,NULL),('Savior',488,'Un soldado serbio enfrenta los horrores de la guerra de Bosnia.'),('Saw IV',304,NULL),('Say It Isn\'t So',285,NULL),('Scattered Clouds (Midaregumo)',185,NULL),('Scorpio Rising',349,NULL),('Second Best',117,'Un hombre se enfrenta a su propio fracaso como padre.'),('Send a Bullet (Manda Bala)',286,NULL),('Seven Little Foys, The',18,NULL),('Seven Little Foys, The',372,NULL),('Sex, Lies, and Videotape',287,'Una historia de deseo, traición y grabaciones secretas.'),('Shadow Boxers',205,NULL),('Shanghai',130,'El espionaje y la traición se cruzan en una ciudad dividida.'),('Sharknado',132,'Un tornado lleno de tiburones azota Los Ángeles.'),('Shifty',356,NULL),('Shipwrecked (a.k.a. Haakon Haakonsen)',478,NULL),('Shirin in Love',3,NULL),('Shoot-Out at Medicine Bend',483,NULL),('Shottas',50,'Dos amigos se enfrentan al crimen y la traición en Kingston.'),('Showgirls',14,'Una bailarina se enfrenta a la decadencia del espectáculo en Las Vegas.'),('Showrunners: The Art of Running a TV Show',316,NULL),('Sinbad of the Seven Seas',282,NULL),('Singing Detective, The',133,'Un escritor enfermo reconstruye su vida a través de la ficción.'),('Slender Thread, The',25,NULL),('Slim Carter',443,'Un vaquero torpe se convierte en una inesperada estrella del country.'),('Snake Woman\'s Curse',245,NULL),('So Fine',12,'Un diseñador de ropa intenta salvar su negocio con ideas arriesgadas.'),('So I Married an Axe Murderer',475,NULL),('Solaris (Solyaris)',461,'Un viaje existencial por los rincones más profundos del alma humana.'),('Some Body',107,NULL),('Sorority House Massacre II',469,NULL),('Spanish Earth, The',111,NULL),('Speak',203,'Una joven encuentra su voz tras un trauma.'),('Sphere',235,NULL),('Spider Baby or, The Maddest Story Ever Told (Spider Baby)',192,NULL),('Spinout',29,NULL),('Spun',147,NULL),('Spun',186,NULL),('Stage Door Canteen',271,NULL),('Stanley Kubrick: A Life in Pictures',498,NULL),('Starship Invasions',216,'Una invasión alienígena amenaza la Tierra con control mental.'),('Stealth',34,NULL),('Stella: Live in Boston',78,NULL),('Stepmom',166,NULL),('Stooge, The',375,NULL),('Strange Invaders',22,NULL),('Stuff, The',465,NULL),('Sublime',257,NULL),('Sucker, The (Corniaud, Le)',228,'Un viaje disparatado en coche pone a prueba la paciencia de dos hombres.'),('Summer Lovers',253,'Dos amantes descubren que el paraíso puede ser complicado.'),('Sunshine on Leith ',36,NULL),('Super Hero Party Clown',188,NULL),('Superman IV: The Quest for Peace',81,NULL),('Supermen of Malegaon',268,NULL),('Table No.21',411,NULL),('Taffin',127,NULL),('Tai Chi Zero',423,'Una aventura fantástica con kung fu y ciencia en tiempos antiguos.'),('Take, The',95,'Un robo termina en redención en esta historia de pérdidas y segundas oportunidades.'),('Taken',11,'Un exagente salva a su hija en una carrera contrarreloj.'),('Tapeheads',148,NULL),('Tarantella',116,NULL),('Teddy Bear (10 timer til Paradis)',273,NULL),('Tell-Tale',102,NULL),('Tennessee',480,'Un músico lucha con su fe y su futuro en Tennessee.'),('Thampu',327,NULL),('Thanks for Sharing',322,NULL),('The Dot and the Line : A Romance in Lower Mathematics',392,NULL),('The Elephant Man',430,NULL),('The Hunting Ground',376,NULL),('The Joy of Living',460,NULL),('The Last Diamond',55,NULL),('The Package',114,NULL),('The Private Life of Deer',83,NULL),('The Strange Affair',463,NULL),('They All Laughed',17,'Un detective privado se enreda con una misteriosa mujer en Nueva York.'),('Thief, The (Vor)',276,NULL),('Thirteen',145,'Una joven de trece años descubre la complejidad de la adolescencia.'),('Thirteenth Floor, The',350,'Un hombre descubre que el mundo que conoce es solo una simulación.'),('Thirty-Five Something (Tout pour plaire)',466,NULL),('Thirty-Two Short Films About Glenn Gould',28,'Una mirada caleidoscópica a la vida del pianista Glenn Gould.'),('This Filthy World',495,'Un monólogo hilarante sobre lo grotesco y lo cotidiano.'),('Three Caballeros, The',124,NULL),('Three on a Weekend',412,'Un trío de amigos busca aventuras en un fin de semana inolvidable.'),('Three Times (Zui hao de shi guang)',351,'Tres relatos de amor capturan momentos efímeros e inolvidables.'),('Three Way',156,NULL),('Thrust in Me',73,'Una mirada provocadora al amor, la fe y los límites personales.'),('Ticking Clock',191,NULL),('Timecop',332,NULL),('To the Sea (Alamar)',435,NULL),('Tobor the Great',103,'Un robot niño con emociones protagoniza esta aventura futurista.'),('Tol\'able David',308,NULL),('Tombstone',66,NULL),('Torn Curtain',264,'Un espía estadounidense debe desenmascarar a su colega en plena Guerra Fría.'),('Toy Story Toons: Hawaiian Vacation',56,NULL),('Trader Games (Krach)',222,NULL),('Transformers: Age of Extinction',454,NULL),('Trial and Error',393,NULL),('Twelve Angry Men',134,NULL),('Twentieth Century',403,NULL),('Two Night Stand',157,NULL),('Tyler Perry\'s I Can Do Bad All by Myself',441,NULL),('Un verano en el campamento',2,'\"Un verano en el campamento\" cuenta las aventuras de jóvenes en un campamento donde hacen amistades, superan desafíos y aprenden sobre sí mismos, convirtiendo su verano en una experiencia inolvidable.'),('Underground',220,NULL),('Union Square',4,NULL),('Unlikely Weapon, An',217,NULL),('Unstoppable',77,'Un tren fuera de control amenaza con causar una catástrofe.'),('Van Gogh',317,'Un artista lucha contra su locura en un mundo de colores intensos.'),('Verbo',396,NULL),('Vertical Limit',10,NULL),('Victory Through Air Power',119,'Una defensa aérea en tiempos de guerra contada en animación y pasión.'),('Vikings, The',207,NULL),('Walk Hard: The Dewey Cox Story',312,NULL),('War Within, The',149,NULL),('Warm Bodies',383,NULL),('Waterland',177,'Un maestro revive su pasado en un pueblo marcado por el misterio.'),('Waterloo Bridge',209,NULL),('We Won\'t Grow Old Together (Nous ne vieillirons pas ensemble)',20,NULL),('Wedding Date, The',449,NULL),('Weekend',165,NULL),('Weekend (a.k.a. Le Week-end) (Week End)',181,NULL),('Weight of the Nation',447,NULL),('Welcome to Woop-Woop',113,NULL),('Were the World Mine',164,NULL),('When Strangers Appear',426,NULL),('Where the Truth Lies',202,NULL),('Whirlpool',468,'Una joven se enfrenta a un asesino oculto tras una fachada tranquila.'),('White Bird in a Blizzard',131,NULL),('Whiteout',373,NULL),('Who the #$&% is Jackson Pollock?',487,'Una anciana encuentra una obra maestra entre la basura.'),('Wild, Wild Planet (I criminali della galassia)',295,'Un planeta salvaje lleno de ciencia ficción y moda extrema.'),('Wildflowers',445,NULL),('Wind Rises, The (Kaze tachinu)',346,NULL),('Wise Guys',485,NULL),('With Friends Like These...',184,NULL),('Women in Love',452,NULL),('Won\'t Back Down',16,NULL),('Words, The',65,'Un escritor busca inspiración mientras oculta un oscuro secreto.'),('World Is Not Enough, The',482,NULL),('Wrestling with Alligators',277,NULL),('XX/XY',408,NULL),('You Got Served',493,NULL),('Your Vice is a Locked Room and Only I Have the Key',128,NULL),('Zero',230,NULL),('Zone Troopers',72,NULL),('Zoot Suit',440,NULL);
/*!40000 ALTER TABLE `GUION_LIBRO` ENABLE KEYS */;
UNLOCK TABLES;

--
-- Table structure for table `LIBRO_EN_VENTA`
--

DROP TABLE IF EXISTS `LIBRO_EN_VENTA`;
/*!40101 SET @saved_cs_client     = @@character_set_client */;
/*!50503 SET character_set_client = utf8mb4 */;
CREATE TABLE `LIBRO_EN_VENTA` (
  `ISBN` varchar(45) NOT NULL,
  `Titulo` varchar(255) CHARACTER SET utf8mb3 COLLATE utf8mb3_general_ci NOT NULL,
  `id_autor` int NOT NULL,
  `Editorial` varchar(45) CHARACTER SET utf8mb3 COLLATE utf8mb3_general_ci DEFAULT NULL,
  `Stock` int DEFAULT NULL,
  `Fecha_publicacion` date DEFAULT NULL,
  `Precio_recomendado` decimal(10,2) DEFAULT NULL,
  PRIMARY KEY (`ISBN`),
  KEY `fk_LIBRO_EN_VENTA_GUION_LIBRO1_idx` (`Titulo`,`id_autor`),
  CONSTRAINT `fk_LIBRO_EN_VENTA_GUION_LIBRO1` FOREIGN KEY (`Titulo`, `id_autor`) REFERENCES `GUION_LIBRO` (`Titulo`, `id_autor`)
) ENGINE=InnoDB DEFAULT CHARSET=utf8mb3;
/*!40101 SET character_set_client = @saved_cs_client */;

--
-- Dumping data for table `LIBRO_EN_VENTA`
--

LOCK TABLES `LIBRO_EN_VENTA` WRITE;
/*!40000 ALTER TABLE `LIBRO_EN_VENTA` DISABLE KEYS */;
INSERT INTO `LIBRO_EN_VENTA` VALUES ('000080142-9','Three on a Weekend',412,'Ediciones Salamandra',69,'2015-03-06',17.00),('000403210-1','Ladrones',182,'Siruela',35,'2022-06-19',23.00),('001953560-0','Carefree',218,'Lumen',153,'2017-01-01',28.00),('005889698-8','Jakob the Liar',444,'Nube de tinta',30,'2022-10-22',8.00),('006936948-8','Just 4 Kicks',99,'Acantilado',122,'2021-09-26',10.00),('007853199-3','Man Who Laughs, The',464,'Acantilado',89,'2019-09-23',23.00),('007935312-6','Thrust in Me',73,'Lumen',50,'2021-01-16',30.00),('009036989-0','Prom Queen: The Marc Hall Story',27,'Libros del Esteroide',62,'2023-02-23',28.00),('013524568-0','Murder at the Gallop',410,'Pagina de espuma',198,'2017-10-26',16.00),('014223511-3','Pagemaster, The',129,'La casa del libro ',162,'2018-02-09',15.00),('015686110-0','Over the Hedge',484,'Lumen',58,'2015-08-03',9.00),('020683836-0','Birdcage Inn (Paran daemun)',290,'Nube de tinta',97,'2021-07-10',11.00),('020764785-2','Three Times (Zui hao de shi guang)',351,'La casa del libro ',186,'2018-11-05',30.00),('021464491-X','Singing Detective, The',133,'Pagina de espuma',0,'2016-03-30',18.00),('022063167-0','Wild, Wild Planet (I criminali della galassia)',295,'Libros del Esteroide',95,'2019-08-04',19.00),('022297344-7','Victory Through Air Power',119,'Lumen',199,'2015-09-04',9.00),('033037151-7','Thirteenth Floor, The',350,'Libros del Esteroide',43,'2023-12-19',16.00),('034042694-2','Take, The',95,'Libros del Esteroide',26,'2015-05-27',12.00),('037258204-4','Waterland',177,'Pagina de espuma',175,'2015-05-24',24.00),('038834059-2','Greetings',62,'Lumen',176,'2017-03-30',25.00),('040569813-5','Who the #$&% is Jackson Pollock?',487,'Pagina de espuma',19,'2022-02-25',27.00),('041634456-9','Eye, The',118,'La casa del libro ',149,'2024-11-30',11.00),('046432398-3','Keep the Lights On',23,'Ediciones Salamandra',67,'2021-10-23',21.00),('048672895-1','Slim Carter',443,'Pagina de espuma',188,'2020-12-22',16.00),('049700346-5','Anvil! The Story of Anvil',254,'Pagina de espuma',154,'2018-08-07',9.00),('050913048-8','Mummies: Secrets of the Pharaohs (a.k.a. Mummies 3D)',1,'Ediciones Salamandra',78,'2021-08-21',20.00),('052585782-6','Tobor the Great',103,'RBA',185,'2017-01-24',22.00),('055486679-X','On the Town',448,'Siruela',187,'2016-03-16',15.00),('055970004-0','Running from Crazy',201,'Ediciones Salamandra',130,'2019-12-28',18.00),('056575638-9','Behind Enemy Lines: Colombia (Behind Enemy Lines 3: Ghost Watch)',115,'Espasa',56,'2020-12-26',16.00),('058065553-9','Happy Gilmore',490,'RBA',42,'2016-01-02',16.00),('058483908-1','6954 Kilometriä Kotiin',491,'Espasa',182,'2020-12-16',20.00),('063748701-X','Sucker, The (Corniaud, Le)',228,'La casa del libro ',153,'2022-06-15',26.00),('064053449-X','Red Heat',219,'Ediciones B',177,'2015-12-19',23.00),('066220431-X','Patti Smith: Dream of Life',418,'Lumen',19,'2017-06-24',21.00),('071334720-1','Fairly Odd Movie: Grow Up, Timmy Turner!, A',291,'Ediciones Salamandra',190,'2017-02-21',24.00),('075105962-5','Dancing Masters, The',390,'Ediciones Salamandra',15,'2020-09-15',16.00),('075151037-8','Garfield\'s Pet Force',226,'Siruela',72,'2020-01-27',27.00),('078040767-9','Little Caesar',382,'Siruela',192,'2018-06-23',13.00),('079717375-7','Avengers Confidential: Black Widow & Punisher',97,'Lumen',99,'2022-10-03',21.00),('084598677-5','Thirty-Two Short Films About Glenn Gould',28,'La casa del libro ',177,'2022-04-27',19.00),('085826297-5','1408',323,'Nube de tinta',116,'2023-11-23',24.00),('087129800-7','Babylon XX',296,'La casa del libro ',55,'2020-01-30',24.00),('088912691-7','Sharknado',132,'Acantilado',4,'2016-02-26',26.00),('092041532-6','Going to Pieces: The Rise and Fall of the Slasher Film',259,'Siruela',133,'2017-01-17',22.00),('092121898-2','Speak',203,'Espasa',11,'2018-03-31',21.00),('093312680-8','Homer & Eddie',167,'Nube de tinta',7,'2020-12-13',9.00),('093352549-4','Cluny Brown',206,'La casa del libro ',53,'2024-08-13',23.00),('096170134-X','Tennessee',480,'Espasa',148,'2017-03-02',19.00),('097866339-X','Lone Wolf and Cub: Sword of Vengeance (Kozure Ôkami: Kowokashi udekashi tsukamatsuru)',194,'Libros del Esteroide',12,'2015-10-13',28.00),('097931126-8','8 (8, the Play)',204,'Siruela',124,'2016-04-03',12.00),('099034450-9','Torn Curtain',264,'Acantilado',155,'2024-07-19',24.00),('099304333-X','Starship Invasions',216,'Libros del Esteroide',92,'2022-08-07',20.00),('099463219-3','Glengarry Glen Ross',251,'Lumen',31,'2016-05-05',24.00),('101481696-3','Reds',8,'Ediciones B',67,'2017-02-11',22.00),('101560011-5','Moving Alan',86,'Lumen',140,'2019-01-17',29.00),('106214523-2','Words, The',65,'Pagina de espuma',174,'2024-06-14',10.00),('106355751-8','Ju-on: The Beginning of the End (Ju-on: Owari no hajimari)',280,'Espasa',196,'2023-10-05',16.00),('108946389-8','Thirteen',145,'Nube de tinta',80,'2021-02-27',12.00),('116927918-X','Sex, Lies, and Videotape',287,'Pagina de espuma',49,'2017-07-18',24.00),('118266229-3','Shottas',50,'La casa del libro ',12,'2020-03-05',24.00),('123378956-2','Player\'s Club, The',53,'Acantilado',40,'2017-03-18',14.00),('124652195-4','Rachel Papers, The',176,'Acantilado',12,'2022-03-01',29.00),('132865534-2','Alpha and Omega 2: A Howl-iday Adventure (Alpha & Omega 2)',57,'RBA',132,'2022-01-22',26.00),('136127660-6','Contracted',46,'RBA',126,'2017-04-25',17.00),('136700940-5','Solaris (Solyaris)',461,'La casa del libro ',95,'2023-11-25',26.00),('137188569-9','Guter Junge',388,'Pagina de espuma',37,'2018-05-07',20.00),('137224611-8','Cold Moon (Lune froide)',109,'Ediciones B',63,'2015-12-24',20.00),('144110657-X','London Boulevard',442,'Acantilado',142,'2022-09-20',17.00),('147686310-5','Summer Lovers',253,'Acantilado',157,'2020-09-11',14.00),('148933161-1','Intern, The',406,'La casa del libro ',12,'2022-04-30',24.00),('150376636-5','Meilleur espoir féminin',41,'Ediciones B',16,'2015-07-15',17.00),('154634491-8','Fatso',416,'Libros del Esteroide',199,'2022-03-20',14.00),('154959522-9','Charlie Chan\'s Greatest Case',436,'Espasa',26,'2024-04-25',11.00),('155346350-1','Old San Francisco',180,'RBA',178,'2022-11-04',21.00),('155842964-6','Five Minarets in New York (Act of Vengeance) (Terrorist, The)',52,'Ediciones B',195,'2021-12-21',22.00),('157253932-1','Second Best',117,'Libros del Esteroide',144,'2019-03-02',23.00),('163976513-1','Salsa',159,'Espasa',158,'2020-12-31',16.00),('166972469-7','Mad Ron\'s Prevues from Hell',193,'Siruela',89,'2020-03-23',12.00),('169568246-7','Mortel transfert',244,'Nube de tinta',90,'2015-08-25',8.00),('170984542-2','Light the Fuse... Sartana Is Coming',409,'Acantilado',57,'2020-11-15',10.00),('171220133-6','K-PAX',31,'Acantilado',106,'2020-02-09',22.00),('171540092-5','Magnificent Seven Ride!, The',6,'La casa del libro ',157,'2015-05-29',8.00),('171601701-7','Sacrament, The',428,'La casa del libro ',141,'2016-03-14',27.00),('172551973-9','Myriad of Lights (Lights of Ten Thousand Homes, The) (Wanjia denghuo)',427,'Libros del Esteroide',88,'2018-04-15',15.00),('173488598-X','Van Gogh',317,'Libros del Esteroide',27,'2023-12-17',26.00),('175250742-8','Tai Chi Zero',423,'Ediciones Salamandra',21,'2021-10-14',16.00),('176855674-1','Cry Baby Lane',100,'Pagina de espuma',108,'2018-11-26',19.00),('180109295-8','Sacred Heart',367,'Nube de tinta',77,'2017-05-21',16.00),('183479041-7','Easy Street',161,'Libros del Esteroide',77,'2015-10-02',8.00),('183688406-0','Flawless',457,'RBA',148,'2019-09-23',13.00),('183895003-6','Let No Man Write My Epitaph',45,'Ediciones Salamandra',140,'2015-12-31',24.00),('184640817-2','Taken',11,'Nube de tinta',80,'2015-05-08',27.00),('185749830-5','Letters to Juliet',371,'Siruela',15,'2017-01-08',23.00),('186759465-X','Lourdes',432,'Pagina de espuma',46,'2023-11-06',21.00),('187182832-5','Burton and Taylor',293,'Espasa',149,'2023-05-03',18.00),('195101764-1','Boston\'s Finest',75,'Acantilado',68,'2015-06-29',21.00),('201964538-6','Barenaked in America',359,'Espasa',53,'2020-01-12',30.00),('203684752-8','Dead Ringer',366,'Pagina de espuma',178,'2020-03-28',30.00),('204120321-8','Bekännelsen (Confession, The)',210,'Pagina de espuma',80,'2023-10-23',16.00),('204349119-9','Dead Pit, The',413,'RBA',168,'2019-03-18',13.00),('205128790-2','In July (Im Juli)',92,'RBA',11,'2021-01-26',29.00),('208937155-2','Shanghai',130,'Lumen',9,'2022-11-15',19.00),('213444634-X','Misconception',112,'Nube de tinta',159,'2017-06-27',22.00),('214012433-2','Heavy Metal in Baghdad',104,'Espasa',168,'2022-05-02',26.00),('216533514-0','Unstoppable',77,'Nube de tinta',103,'2018-04-21',26.00),('217340037-1','Palookaville',178,'Nube de tinta',109,'2016-07-30',24.00),('218583437-1','Into Great Silence (Die große Stille)',281,'Siruela',112,'2019-04-16',22.00),('218816042-8','So Fine',12,'Ediciones Salamandra',80,'2023-04-17',13.00),('219978198-4','Savior',488,'Nube de tinta',67,'2025-01-02',22.00),('220627641-0','Goodbye, 20th Century',314,'RBA',64,'2022-05-06',24.00),('221096915-8','Homegrown',422,'Nube de tinta',177,'2022-04-17',15.00),('222213135-9','Whirlpool',468,'RBA',40,'2024-06-25',16.00),('222332611-0','Showgirls',14,'Espasa',133,'2020-05-27',11.00),('226318729-4','Glimpse Inside the Mind of Charles Swan III, A',208,'Ediciones B',169,'2016-07-24',15.00),('228359960-1','Landscape in the Mist (Topio stin omichli)',401,'Ediciones Salamandra',71,'2015-11-11',21.00),('231961784-1','Confessions of a Window Cleaner',275,'Acantilado',78,'2016-08-16',20.00),('233996397-4','East Palace West Palace (Dong gong xi gong)',225,'Espasa',187,'2021-12-09',29.00),('236095896-8','This Filthy World',495,'Lumen',178,'2024-06-16',20.00),('236589935-8','They All Laughed',17,'La casa del libro ',87,'2018-08-22',30.00),('238076788-2','Hitch-Hiker, The',250,'La casa del libro ',104,'2024-05-31',22.00),('240594756-0','Pancho, the Millionaire Dog',362,'La casa del libro ',5,'2021-08-20',29.00),('243261747-9','Azumi 2: Death or Love',380,'RBA',124,'2018-05-15',27.00),('248043339-0','Three Caballeros, The',124,'Ediciones Salamandra',131,'2017-03-27',19.00),('248538983-7','Finding Joy',270,'Siruela',131,'2020-12-01',28.00),('252346470-5','Last Circus, The (Balada triste de trompeta) (Sad Trumpet Ballad, A)',479,'RBA',151,'2019-02-02',30.00),('252627580-6','Scattered Clouds (Midaregumo)',185,'Lumen',199,'2022-04-07',19.00),('254240260-4','Hired Hand, The',214,'Espasa',158,'2018-02-27',16.00),('257623501-8','Children of the Corn II: The Final Sacrifice',101,'Nube de tinta',84,'2019-02-24',16.00),('258059181-8','Champion',402,'RBA',67,'2021-05-29',10.00),('259630411-2','Two Night Stand',157,'Ediciones Salamandra',139,'2021-10-02',17.00),('259677992-7','Dabangg 2',404,'Siruela',82,'2015-07-10',9.00),('262883415-4','Twelve Angry Men',134,'Nube de tinta',150,'2020-05-28',17.00),('263629445-7','Sorority House Massacre II',469,'Espasa',148,'2020-10-24',16.00),('263862352-0','Taffin',127,'Siruela',13,'2020-04-27',20.00),('264530480-X','Thief, The (Vor)',276,'Pagina de espuma',67,'2024-09-26',22.00),('265486326-3','Born to Dance',486,'Acantilado',13,'2016-02-05',14.00),('267120844-8','Spun',147,'RBA',192,'2016-04-14',13.00),('268191473-6','With Friends Like These...',184,'La casa del libro ',21,'2022-07-11',12.00),('268588915-9','Great Train Robbery, The (a.k.a. First Great Train Robbery, The)',35,'RBA',44,'2017-09-13',26.00),('269984195-1','Amorosa',473,'Lumen',200,'2015-04-28',12.00),('271530692-X','Hello Down There',213,'RBA',142,'2024-07-17',10.00),('271835436-4','Scorpio Rising',349,'Siruela',168,'2018-11-07',23.00),('275414325-4','Loser Takes All, The (O hamenos ta pairnei ola)',87,'Ediciones B',76,'2020-12-13',19.00),('275971317-2','Charlie Victor Romeo',297,'Lumen',116,'2021-09-14',29.00),('276341187-8','Tapeheads',148,'Espasa',123,'2015-04-02',10.00),('277395647-8','I Am Not a Hipster',233,'Nube de tinta',34,'2017-04-18',15.00),('279619779-4','Leprechaun',414,'Espasa',17,'2024-05-09',23.00),('282285169-7','Spinout',29,'Lumen',67,'2018-07-25',13.00),('285816991-8','Desperadoes, The',318,'La casa del libro ',109,'2021-12-28',17.00),('286840745-5','Prime Suspect 3',239,'La casa del libro ',3,'2023-04-05',13.00),('287624884-0','City Streets',476,'Pagina de espuma',186,'2023-08-14',29.00),('288052243-9','Shirin in Love',3,'Espasa',61,'2023-10-19',16.00),('288285765-9','Kon-Tiki',302,'Ediciones Salamandra',190,'2019-12-28',18.00),('289196913-8','Back to the Beach',144,'Pagina de espuma',143,'2020-06-22',10.00),('289343257-3','Stooge, The',375,'Ediciones B',7,'2017-02-09',13.00),('289985611-1','Conan the Destroyer',438,'Libros del Esteroide',86,'2015-09-05',10.00),('293518623-0','Wrestling with Alligators',277,'Nube de tinta',52,'2021-03-16',16.00),('297077598-0','Jerk Theory, The',13,'RBA',143,'2023-07-09',13.00),('300932392-1','Mysterious Object at Noon (Dokfa nai meuman)',369,'RBA',136,'2018-08-30',12.00),('301673341-2','Four Nights of a Dreamer (Quatre nuits d\'un rêveur)',242,'Acantilado',113,'2017-07-31',15.00),('302700728-9','Toy Story Toons: Hawaiian Vacation',56,'Ediciones Salamandra',91,'2018-11-04',14.00),('302985296-2','Rickshaw Man, The (Muhomatsu no issho)',368,'Ediciones Salamandra',147,'2016-10-25',21.00),('303814313-8','Given Word, The (O Pagador de Promessas)',361,'Libros del Esteroide',130,'2017-03-20',25.00),('304075857-8','The Strange Affair',463,'Ediciones B',42,'2020-01-16',8.00),('305507428-9','Seven Little Foys, The',18,'Lumen',180,'2020-08-17',26.00),('305617737-5','Hellboy II: The Golden Army',298,'Ediciones B',60,'2021-08-27',19.00),('305896613-X','Playing for Keeps',370,'Espasa',183,'2024-12-31',28.00),('308913791-7','Stuff, The',465,'Pagina de espuma',192,'2021-01-05',24.00),('310257831-4','Deep Rising',74,'Ediciones B',116,'2015-02-13',21.00),('312367911-X','Guyana Tragedy: The Story of Jim Jones',434,'Ediciones Salamandra',188,'2023-08-24',30.00),('315071812-0','Men in the City (Männerherzen)',58,'Espasa',70,'2016-01-03',24.00),('316750048-4','Man Who Loved Women, The (Homme qui aimait les femmes, L\')',120,'Ediciones B',99,'2023-09-04',24.00),('320658744-1','White Bird in a Blizzard',131,'Ediciones B',198,'2023-02-27',25.00),('321839397-3','London River',338,'Siruela',37,'2015-04-04',17.00),('322375502-0','Stealth',34,'Ediciones Salamandra',126,'2019-04-21',10.00),('329071152-8','Zone Troopers',72,'La casa del libro ',121,'2024-07-25',18.00),('330925447-X','Going Ape!',63,'Ediciones B',130,'2021-07-09',19.00),('332149878-2','Butterfly Girl',325,'RBA',81,'2015-09-19',29.00),('336679277-9','Dark Skies',499,'Nube de tinta',171,'2018-11-29',29.00),('337340943-8','Minnie and Moskowitz',379,'Ediciones Salamandra',12,'2015-12-27',10.00),('339047868-X','H.H. Holmes: America\'s First Serial Killer',249,'Libros del Esteroide',4,'2024-12-16',15.00),('342805683-3','Prick Up Your Ears',340,'La casa del libro ',85,'2022-01-07',20.00),('344102506-7','12:08 East of Bucharest (A fost sau n-a fost?)',200,'Nube de tinta',162,'2023-01-19',18.00),('344969011-6','Hellbenders',170,'Espasa',157,'2020-06-06',20.00),('346500739-5','Patton Oswalt: My Weakness Is Strong',363,'Lumen',3,'2022-05-20',8.00),('349895053-3','Mission London',344,'Pagina de espuma',176,'2016-04-20',21.00),('351063624-4','Platform (Zhantai)',357,'Ediciones Salamandra',174,'2024-07-13',11.00),('351889581-8','Tombstone',66,'Nube de tinta',197,'2023-04-29',30.00),('352640305-8','Mr. Wu',342,'Ediciones B',183,'2018-04-24',15.00),('352994393-2','Cat in Paris, A (Une vie de chat)',160,'Siruela',5,'2022-01-08',9.00),('353155989-3','Santa Claus: The Movie',33,'Nube de tinta',30,'2017-10-31',16.00),('354111690-0','Mortician, The',265,'Pagina de espuma',22,'2016-07-22',28.00),('356011837-9','Love in the Time of Hysteria (Sólo con tu pareja)',190,'Ediciones Salamandra',1,'2019-10-18',29.00),('356523187-4','Emperor\'s New Groove, The',215,'Siruela',45,'2018-03-06',17.00),('357440654-1','Annabelle',138,'Siruela',179,'2015-02-11',12.00),('360949791-2','Legionnaire',266,'Nube de tinta',5,'2020-02-03',22.00),('367379881-2','Itinerary of a Spoiled Child',110,'Acantilado',45,'2015-12-14',16.00),('367734745-9','XX/XY',408,'Ediciones B',125,'2024-11-18',18.00),('371703573-8','Funny Lady',162,'La casa del libro ',157,'2023-09-26',14.00),('372491378-8','Blue Sky',424,'RBA',13,'2022-10-27',12.00),('372985200-0','Union Square',4,'Siruela',43,'2015-06-02',29.00),('374773689-0','Patton Oswalt: No Reason to Complain',158,'RBA',110,'2020-02-29',9.00),('378075053-8','Hebrew Hammer, The',397,'Ediciones B',143,'2017-01-16',27.00),('380367537-5','Royal Flash',70,'Siruela',112,'2023-11-16',30.00),('388414939-3','Tarantella',116,'Siruela',111,'2022-12-26',8.00),('391185700-4','Boys of Baraka, The',405,'Libros del Esteroide',107,'2019-06-29',13.00),('392885363-5','Low Life',252,'Ediciones B',169,'2015-06-13',25.00),('399470027-2','Eddie Izzard: Glorious',168,'Ediciones Salamandra',170,'2024-11-11',17.00),('406997795-3','Stanley Kubrick: A Life in Pictures',498,'Pagina de espuma',175,'2023-07-31',24.00),('408913551-6','Warm Bodies',383,'Libros del Esteroide',88,'2015-10-24',8.00),('411020371-6','Father and Son (Otets i syn)',343,'Acantilado',198,'2018-04-02',21.00),('411304470-8','Kandahar (Safar e Ghandehar)',21,'Pagina de espuma',63,'2023-07-04',14.00),('411601472-9','Emerald Forest, The',24,'RBA',74,'2023-12-19',23.00),('413273604-0','Buddy Boy',292,'RBA',54,'2019-06-18',10.00),('415280318-5','The Hunting Ground',376,'Acantilado',36,'2024-12-19',9.00),('418657842-7','Spanish Earth, The',111,'Pagina de espuma',159,'2018-05-13',14.00),('423716459-4','Saw IV',304,'Espasa',3,'2017-09-30',27.00),('424486831-3','Captain America: The First Avenger',96,'La casa del libro ',97,'2016-05-06',14.00),('425871745-2','Wind Rises, The (Kaze tachinu)',346,'Ediciones Salamandra',61,'2022-02-02',28.00),('427372857-5','Human Race, The',294,'Siruela',102,'2022-02-10',11.00),('431148637-5','Ready to Wear (Pret-A-Porter)',197,'Ediciones B',100,'2018-02-01',10.00),('431598867-7','World Is Not Enough, The',482,'Libros del Esteroide',107,'2015-03-29',17.00),('432769216-6','My Father and the Man in Black',15,'Siruela',25,'2022-03-26',19.00),('436081732-0','War Within, The',149,'Siruela',85,'2019-04-05',10.00),('437496788-5','Were the World Mine',164,'Ediciones B',162,'2023-02-21',14.00),('439911209-3','Choices',139,'Libros del Esteroide',42,'2023-03-08',18.00),('441742292-3','Boys Are Back, The',306,'Libros del Esteroide',9,'2016-09-18',22.00),('441746136-8','London',378,'Nube de tinta',109,'2022-08-13',24.00),('442958810-4','Ghosts (Gespenster)',143,'Acantilado',29,'2022-09-15',12.00),('444650072-4','Bad Day on the Block',136,'RBA',109,'2021-07-18',8.00),('445851384-2','Wildflowers',445,'Ediciones Salamandra',40,'2019-08-07',23.00),('445900493-3','Die Is Cast, The (La suerte está echada)',456,'Ediciones Salamandra',196,'2024-11-27',22.00),('447238069-2','Saratoga',44,'Nube de tinta',198,'2016-10-18',10.00),('447985450-9','Supermen of Malegaon',268,'RBA',7,'2019-07-11',14.00),('451150665-5','Underground',220,'Acantilado',113,'2023-04-04',16.00),('453718534-1','Marie Antoinette',336,'RBA',163,'2024-09-29',29.00),('456481736-1','Some Body',107,'La casa del libro ',29,'2016-12-10',8.00),('456535828-X','Open Season 3',146,'Ediciones Salamandra',50,'2017-12-23',25.00),('461233833-2','Hangman\'s House',272,'La casa del libro ',151,'2022-07-09',27.00),('465393581-5','Four Adventures of Reinette and Mirabelle (4 aventures de Reinette et Mirabelle)',467,'Ediciones Salamandra',197,'2018-08-05',17.00),('465703841-9','The Package',114,'RBA',12,'2023-10-15',15.00),('467141847-9','Revenge of the Nerds III: The Next Generation',42,'Acantilado',8,'2021-06-12',20.00),('471874548-9','Salt',263,'Ediciones B',187,'2020-10-17',19.00),('476559448-3','Medora',329,'La casa del libro ',151,'2024-02-16',17.00),('477453554-0','Butterflies Have No Memories',237,'Siruela',144,'2018-03-12',20.00),('480940720-9','Public Enemies',174,'Lumen',66,'2024-02-11',30.00),('482725892-9','Reclaim Your Brain (Free Rainer)',365,'Acantilado',55,'2019-12-19',14.00),('483866649-7','Guy X',398,'Acantilado',108,'2015-12-04',27.00),('489049441-3','Manxman, The',489,'Ediciones Salamandra',24,'2022-11-07',19.00),('489287299-7','Spun',186,'Ediciones B',156,'2017-10-27',10.00),('491562455-2','Ticking Clock',191,'RBA',87,'2016-05-31',28.00),('494705754-8','Where the Truth Lies',202,'RBA',82,'2020-08-22',26.00),('495179524-8','Tyler Perry\'s I Can Do Bad All by Myself',441,'Ediciones B',156,'2023-08-14',10.00),('495287228-9','Boyz N the Hood',5,'Libros del Esteroide',116,'2015-12-30',15.00),('495735728-5','Model',155,'Pagina de espuma',105,'2021-04-30',19.00),('496554749-7','When Strangers Appear',426,'Siruela',176,'2019-04-26',27.00),('503518168-5','Love of Siam, The (Rak haeng Siam)',80,'Ediciones Salamandra',19,'2019-12-15',28.00),('503576245-9','American Psycho',59,'Siruela',83,'2022-03-01',12.00),('504585536-0','Carnosaur',309,'Ediciones B',108,'2016-06-10',19.00),('507615772-X','Cold Mountain',305,'Siruela',152,'2018-05-28',24.00),('511798767-5','You Got Served',493,'Libros del Esteroide',24,'2023-04-02',20.00),('513344874-0','Flickering Lights (Blinkende lygter)',137,'Espasa',1,'2018-08-24',30.00),('513733728-5','Women in Love',452,'Ediciones B',117,'2023-10-07',11.00),('515069528-9','Fake It So Real',123,'Nube de tinta',122,'2018-03-04',12.00),('516230329-1','Shoot-Out at Medicine Bend',483,'La casa del libro ',113,'2016-09-11',16.00),('516698012-3','Living Proof',69,'Espasa',38,'2015-02-09',22.00),('519650024-3','Long Day\'s Journey Into Night',394,'Libros del Esteroide',144,'2018-04-09',27.00),('520802604-X','Chalet Girl',60,'Libros del Esteroide',164,'2018-05-13',23.00),('521730022-1','Honor Among Thieves (Adieu l\'ami) (Farewell, Friend)',19,'Ediciones B',9,'2020-05-24',22.00),('521998493-4','Lost in Yonkers',421,'Pagina de espuma',145,'2021-01-11',10.00),('522015312-9','D3: The Mighty Ducks',339,'Libros del Esteroide',130,'2018-09-30',29.00),('523432411-7','Frisco Jenny',171,'Siruela',13,'2016-04-16',23.00),('524080737-X','Headfirst',163,'Lumen',14,'2020-04-03',12.00),('528221345-1','Showrunners: The Art of Running a TV Show',316,'Siruela',77,'2016-05-13',27.00),('534908626-X','Let it Rain (Parlez-moi de la pluie)',320,'Ediciones B',60,'2015-05-07',22.00),('538049736-5','Send a Bullet (Manda Bala)',286,'Acantilado',172,'2021-01-20',28.00),('541362811-0','Cabaret Balkan (Bure Baruta)',240,'Lumen',32,'2024-09-26',8.00),('543494210-8','Illustrious Corpses (Cadaveri eccellenti)',91,'Ediciones Salamandra',35,'2019-03-09',27.00),('544585388-8','Out of It (La carapate)',389,'Nube de tinta',163,'2020-02-15',15.00),('545778478-9','Driller Killer, The',154,'Acantilado',140,'2020-05-15',17.00),('548588305-2','The Elephant Man',430,'Ediciones B',133,'2019-04-29',18.00),('549268774-3','Sublime',257,'RBA',196,'2017-05-23',12.00),('552412789-6','Stage Door Canteen',271,'Libros del Esteroide',174,'2022-01-04',30.00),('552589204-9','14 Blades (Jin yi wei)',278,'Ediciones Salamandra',73,'2017-10-09',9.00),('561150449-3','Meet the Spartans',321,'Acantilado',109,'2023-06-10',29.00),('562527648-X','The Dot and the Line : A Romance in Lower Mathematics',392,'Espasa',129,'2021-04-02',24.00),('563178115-8','Junior',385,'Lumen',197,'2021-12-13',9.00),('565123193-5','D-War (Dragon Wars)',67,'Ediciones Salamandra',146,'2023-05-26',12.00),('565648118-2','Sunshine on Leith ',36,'Espasa',157,'2020-07-05',18.00),('567690263-9','Below the Belt',310,'Acantilado',67,'2018-02-18',11.00),('568883540-0','Once Upon a Forest',289,'Pagina de espuma',43,'2020-03-10',30.00),('572151395-0','Spider Baby or, The Maddest Story Ever Told (Spider Baby)',192,'Espasa',174,'2017-11-21',25.00),('573572906-3','Moonlight Mile',360,'Siruela',7,'2017-05-17',28.00),('573601296-0','Policeman (Ha-shoter)',446,'RBA',74,'2021-01-22',29.00),('575797954-2','Enigma',224,'RBA',102,'2024-08-16',18.00),('582173750-8','Jonestown: Paradise Lost',247,'Espasa',7,'2015-04-14',9.00),('587421159-4','Tell-Tale',102,'Ediciones Salamandra',54,'2024-05-18',17.00),('589661599-X','Drones',417,'La casa del libro ',93,'2015-10-17',24.00),('589966488-6','Bed & Board (Domicile conjugal)',9,'Acantilado',5,'2018-02-09',15.00),('591567584-0','Late Night Shopping',462,'Lumen',77,'2019-05-08',22.00),('591750046-0','Blood Done Sign My Name',420,'Acantilado',78,'2024-03-04',30.00),('597523771-8','To the Sea (Alamar)',435,'RBA',60,'2019-06-23',16.00),('599999215-X','Japanese Story',189,'Nube de tinta',49,'2015-04-18',28.00),('600095957-5','Girl in Progress',328,'Libros del Esteroide',125,'2019-02-20',26.00),('601275157-5','American Splendor',256,'Ediciones Salamandra',144,'2024-03-11',26.00),('601678917-8','Romero',32,'Pagina de espuma',57,'2022-01-19',10.00),('602219564-0','Trial and Error',393,'Siruela',45,'2016-07-09',9.00),('603207069-7','Missing William',425,'Espasa',72,'2017-05-04',11.00),('604641292-7','Twentieth Century',403,'Espasa',145,'2021-03-12',11.00),('605480595-9','Table No.21',411,'Nube de tinta',164,'2023-12-12',8.00),('606594698-2','Detention',140,'La casa del libro ',139,'2020-05-24',13.00),('613690147-1','Regular Guys (Echte Kerle)',331,'Ediciones B',137,'2016-09-18',25.00),('616140297-1','Black Sea',231,'Acantilado',68,'2019-01-27',9.00),('616961252-5','Jewel of the Nile, The',179,'Ediciones Salamandra',88,'2023-07-11',26.00),('617394657-2','Maze',439,'La casa del libro ',70,'2020-04-13',22.00),('620094050-9','Couples Retreat',288,'Nube de tinta',189,'2019-09-10',11.00),('622362521-9','Masquerade (Gwanghai, Wangyidoen namja)',221,'Pagina de espuma',180,'2019-02-05',24.00),('632617550-X','Grand Illusion (La grande illusion)',84,'Libros del Esteroide',32,'2019-08-05',28.00),('635041109-9','Kiss Me, Guido',387,'Acantilado',192,'2020-07-06',16.00),('638632222-3','On the Outs',399,'Pagina de espuma',8,'2016-02-11',18.00),('639410206-7','Arnold',121,'Acantilado',148,'2016-06-09',14.00),('639490031-1','Executive Decision',2,'RBA',18,'2018-08-09',16.00),('640737192-9','Goya: Crazy Like a Genius',477,'Nube de tinta',173,'2017-10-23',18.00),('643995068-1','Timecop',332,'Acantilado',64,'2021-10-24',18.00),('644123303-7','Trader Games (Krach)',222,'Nube de tinta',106,'2016-07-20',12.00),('647040582-7','American Heist',326,'Espasa',53,'2024-03-30',19.00),('651176658-6','Petits Freres (Petits Frères)',431,'Acantilado',142,'2022-11-21',26.00),('660328023-X','Won\'t Back Down',16,'Libros del Esteroide',128,'2021-10-12',16.00),('664566501-6','Grand Tour: Disaster in Time (Timescape)',232,'Pagina de espuma',102,'2021-12-13',13.00),('670195592-4','Thampu',327,'Siruela',189,'2019-09-18',24.00),('670907984-8','Three Way',156,'Nube de tinta',17,'2016-10-06',10.00),('672995497-3','Hands Over the City (Le mani sulla città)',90,'Nube de tinta',57,'2015-06-21',28.00),('678908396-0','100 Ways to Murder Your Wife (Sha qi er ren zu)',500,'Nube de tinta',21,'2021-09-08',22.00),('683814597-9','Cosi',451,'Lumen',51,'2020-06-11',18.00),('684554662-2','Whiteout',373,'La casa del libro ',34,'2020-01-24',23.00),('684876178-8','Clockwork Orange, A',122,'Pagina de espuma',141,'2018-02-19',22.00),('689681070-X','I\'m Starting From Three (Ricomincio da Tre)',39,'La casa del libro ',163,'2019-02-19',29.00),('691024572-5','Panic Button',105,'Siruela',173,'2019-04-26',18.00),('693884349-X','Postman Blues',353,'Ediciones B',153,'2019-01-23',22.00),('697936557-6','Waterloo Bridge',209,'Acantilado',74,'2015-10-04',28.00),('701658279-5','Rudolph, the Red-Nosed Reindeer',248,'Siruela',162,'2018-06-12',9.00),('701807542-4','Killing Machine, The (Icarus)',126,'Espasa',18,'2019-06-25',13.00),('704331288-4','Zoot Suit',440,'Lumen',110,'2020-05-07',10.00),('709596031-3','Project Wild Thing',141,'Lumen',117,'2020-01-02',12.00),('715404723-2','Red Scorpion',386,'Ediciones B',140,'2017-05-26',22.00),('716541233-6','Sachs\' Disease (La maladie de Sachs)',93,'Espasa',44,'2024-04-30',17.00),('717943652-6','Andre',175,'Ediciones B',91,'2022-04-12',14.00),('718748821-1','Loaded',236,'Espasa',125,'2019-10-21',29.00),('719513394-X','Welcome to Woop-Woop',113,'Ediciones Salamandra',199,'2019-11-08',11.00),('722341701-3','Omen, The',125,'RBA',161,'2018-04-28',24.00),('723099186-2','Dragonquest',98,'Ediciones B',46,'2024-07-31',11.00),('723917650-9','Child, The (L\'enfant)',49,'Libros del Esteroide',135,'2022-05-01',24.00),('725812781-X','Journey to the Center of the Earth',169,'RBA',143,'2022-07-08',8.00),('727077642-3','Ninth Configuration, The (a.k.a. Twinkle, Twinkle, Killer Kane)',450,'La casa del libro ',119,'2020-09-25',12.00),('727495151-3','Puss in Boots: The Three Diablos',352,'Lumen',61,'2015-03-16',22.00),('727547999-0','Tol\'able David',308,'Lumen',67,'2022-05-02',27.00),('727631562-2','We Won\'t Grow Old Together (Nous ne vieillirons pas ensemble)',20,'Acantilado',136,'2015-11-12',23.00),('730411667-6','Hanging Garden, The',173,'La casa del libro ',129,'2021-06-17',11.00),('731022295-4','Slender Thread, The',25,'Espasa',178,'2016-06-05',16.00),('732904218-8','Adventures of Arsène Lupin, The (Aventures d\'Arsène Lupin, Les)',299,'Acantilado',106,'2020-06-01',22.00),('735012911-4','Days of Thunder',195,'La casa del libro ',33,'2015-07-19',13.00),('738936323-1','Killer Klowns from Outer Space',345,'Nube de tinta',46,'2018-07-12',8.00),('739200088-8','R-Point (Arpointeu)',311,'Pagina de espuma',36,'2015-12-29',9.00),('741824540-8','Help, The',267,'Ediciones Salamandra',166,'2015-03-16',10.00),('742276211-X','The Joy of Living',460,'Libros del Esteroide',185,'2019-02-22',18.00),('742510039-8','Gathering of Old Men, A (Murder on the Bayou)',227,'Libros del Esteroide',40,'2019-05-17',19.00),('742962244-5','Bolivia',238,'Libros del Esteroide',103,'2022-02-11',13.00),('745996760-2','Enough',211,'Nube de tinta',72,'2017-04-06',8.00),('747181358-X','Futureworld',223,'Ediciones Salamandra',99,'2021-08-08',16.00),('748204719-0','Shadow Boxers',205,'Libros del Esteroide',145,'2017-09-16',18.00),('753092907-0','Assassins',355,'Pagina de espuma',50,'2022-06-23',21.00),('753263668-2','Love and Anarchy (Film d\'amore e d\'anarchia, ovvero \'stamattina alle 10 in via dei Fiori nella nota casa di tolleranza...\')',391,'RBA',18,'2018-04-14',23.00),('753270565-X','Verbo',396,'Lumen',90,'2023-07-30',28.00),('756059192-2','Funeral, The (Ososhiki)',284,'Lumen',98,'2023-02-25',10.00),('758885625-4','Deserter (Dezertir)',395,'La casa del libro ',132,'2022-10-04',30.00),('760576333-6','Bat People, The',459,'Siruela',178,'2015-03-10',23.00),('763756225-5','Billy Elliot',196,'Lumen',180,'2020-12-13',20.00),('767534219-4','Basic Instinct',152,'Lumen',177,'2017-08-13',24.00),('768478027-1','Everything You Always Wanted to Know About Sex * But Were Afraid to Ask',279,'RBA',162,'2016-03-19',18.00),('769038254-1','Bis zum Ellenbogen',85,'La casa del libro ',113,'2017-03-06',28.00),('771753039-2','Thirty-Five Something (Tout pour plaire)',466,'Nube de tinta',195,'2017-11-27',30.00),('777195182-1','Merchant of Venice, The',212,'Ediciones Salamandra',80,'2021-01-20',26.00),('777618586-8','Gingerbread Man, The',241,'Ediciones B',106,'2024-08-21',19.00),('778272616-6','Requiem for a Vampire (Vierges et vampires)',82,'Espasa',199,'2019-04-26',24.00),('778872194-8','Normal Heart, The',54,'Pagina de espuma',144,'2023-01-25',30.00),('788736814-6','Last Kiss, The (Ultimo bacio, L\')',315,'Espasa',111,'2016-02-17',19.00),('789863249-4','Hearts and Minds',377,'Pagina de espuma',167,'2015-09-09',30.00),('791283709-4','Saboteur',334,'Nube de tinta',124,'2020-01-17',8.00),('791740858-2','Haunted Echoes',497,'Acantilado',175,'2018-11-15',21.00),('793330303-X','Abols Upe',429,'Lumen',106,'2022-08-19',16.00),('793767315-X','Dirty',198,'Acantilado',188,'2015-12-03',20.00),('795183770-9','An Evening with Robin Williams',407,'Lumen',81,'2020-04-02',26.00),('796356503-2','Stella: Live in Boston',78,'Pagina de espuma',189,'2015-05-11',12.00),('796543785-6','Aankhen',492,'Siruela',28,'2022-06-01',27.00),('805965281-8','Cement Garden, The',419,'Ediciones B',118,'2022-11-11',27.00),('808258884-5','Mrs. Soffel',471,'Libros del Esteroide',102,'2018-05-28',16.00),('808500314-7','Beginners',333,'Pagina de espuma',63,'2019-11-25',9.00),('808654339-0','På sista versen',246,'RBA',103,'2023-11-27',12.00),('810585129-6','So I Married an Axe Murderer',475,'Acantilado',154,'2022-08-21',15.00),('811457304-X','Omega Code, The',300,'Pagina de espuma',2,'2022-01-05',13.00),('813091802-1','Child Is Waiting, A',324,'Ediciones Salamandra',42,'2018-06-15',15.00),('815629996-5','Generation X',374,'Lumen',61,'2017-09-24',20.00),('819817428-1','Free Radicals:  A History of Experimental Film',303,'RBA',193,'2021-11-22',26.00),('821908742-0','Dr. Akagi (Kanzo sensei)',274,'Ediciones B',130,'2016-06-01',8.00),('822215849-X','Maximum Risk',494,'La casa del libro ',43,'2015-08-24',17.00),('822374887-8','Blackthorn',364,'Ediciones B',28,'2018-02-12',11.00),('825233205-6','Wedding Date, The',449,'Libros del Esteroide',113,'2020-10-22',24.00),('825622664-1','Saved!',283,'La casa del libro ',46,'2015-06-28',30.00),('830069477-3','Matrix Reloaded, The',319,'Lumen',45,'2020-10-25',27.00),('831024459-2','Leningrad Cowboys Go America',64,'Acantilado',71,'2020-09-02',28.00),('834915375-X','Weekend (a.k.a. Le Week-end) (Week End)',181,'Espasa',171,'2020-01-01',17.00),('837134095-8','Last Holiday',183,'Libros del Esteroide',97,'2015-02-20',9.00),('838346397-9','9to5: Days in Porn (a.k.a. 9 to 5: Days in Porn)',453,'Acantilado',96,'2020-04-11',20.00),('838411853-1','Shifty',356,'Nube de tinta',106,'2023-02-09',21.00),('842004840-2','Flannel Pajamas',61,'La casa del libro ',50,'2019-01-22',22.00),('843176505-4','Portrait of Jennie',470,'Siruela',71,'2020-12-03',13.00),('846332845-8','Hotel Pacific (Zaklete rewiry)',433,'Nube de tinta',35,'2015-08-30',19.00),('849789727-7','Everything Relative',234,'Ediciones Salamandra',5,'2017-10-01',10.00),('850025402-5','Little Traitor, The',7,'Lumen',81,'2020-07-22',27.00),('850811825-2','DMT: The Spirit Molecule',347,'RBA',82,'2018-02-27',14.00),('851952697-7','Hecho en México',94,'Siruela',87,'2020-07-27',20.00),('852095226-7','Journey to the West: Conquering the Demons (Daai wa sai you chi Chui mo chun kei)',341,'Lumen',133,'2018-07-09',29.00),('852460041-1','Weekend',165,'Acantilado',144,'2021-07-29',10.00),('852946882-1','Vikings, The',207,'Lumen',31,'2016-08-17',13.00),('853781411-3','Meltdown (Shu dan long wei)',255,'Nube de tinta',177,'2022-05-01',10.00),('856314065-5','Super Hero Party Clown',188,'Pagina de espuma',97,'2017-05-01',14.00),('856752131-9','Strange Invaders',22,'Nube de tinta',90,'2020-03-02',9.00),('860967043-0','Mrs. Soffel',307,'La casa del libro ',82,'2021-05-16',18.00),('861447182-3','Love Exposure (Ai No Mukidashi)',26,'Siruela',180,'2017-07-29',21.00),('863620291-4','7 Seconds',348,'Espasa',92,'2023-04-09',23.00),('863994773-2','Box, The',335,'Ediciones Salamandra',187,'2017-09-11',10.00),('864467883-3','Remote Control',89,'Pagina de espuma',146,'2022-03-15',20.00),('866344277-7','Author! Author!',260,'Libros del Esteroide',185,'2016-07-02',12.00),('867294919-6','Seven Little Foys, The',372,'Libros del Esteroide',109,'2021-03-28',11.00),('869286903-1','Heartbeat',415,'Siruela',4,'2015-02-15',14.00),('872745280-8','Vertical Limit',10,'Pagina de espuma',190,'2015-04-15',24.00),('873758754-4','High School Musical 2',40,'Lumen',17,'2022-04-06',19.00),('876437731-8','Weight of the Nation',447,'Espasa',157,'2018-03-08',25.00),('880379402-6','Listy do M.',51,'Lumen',124,'2019-01-21',10.00),('880393765-X','Alive and Ticking (Ein Tick anders)',258,'Espasa',33,'2016-09-04',17.00),('881937686-5','Fagbug',384,'La casa del libro ',49,'2015-11-15',21.00),('882513082-1','Anniversary Party, The',455,'Nube de tinta',125,'2018-12-31',19.00),('884392146-0','Istanbul',496,'Ediciones B',15,'2017-08-18',15.00),('884874350-1','Home Alone 4',153,'Ediciones B',58,'2020-05-11',21.00),('887990564-3','Running Mates',243,'Pagina de espuma',7,'2019-05-24',11.00),('888284046-8','Stepmom',166,'Pagina de espuma',190,'2024-06-18',29.00),('890303314-0','Friends at the Margherita Cafe, The (Gli amici del bar Margherita)',354,'Acantilado',120,'2018-04-30',8.00),('891040343-8','Mummy\'s Curse, The',172,'Libros del Esteroide',168,'2017-01-02',27.00),('891984131-4','Billy Blazes, Esq.',313,'Ediciones Salamandra',14,'2024-12-03',21.00),('892669047-4','Extraction',106,'Libros del Esteroide',44,'2021-03-24',17.00),('892720489-1','Construction, The (En construcción)',187,'Acantilado',182,'2019-10-02',21.00),('896145729-2','Unlikely Weapon, An',217,'La casa del libro ',187,'2023-10-21',12.00),('898709390-5','Transformers: Age of Extinction',454,'Pagina de espuma',183,'2018-11-24',9.00),('903757382-7','Shipwrecked (a.k.a. Haakon Haakonsen)',478,'Ediciones Salamandra',136,'2015-07-11',11.00),('904624105-X','Say It Isn\'t So',285,'Ediciones B',24,'2024-06-02',16.00),('906829908-5','Likeable Mister R, The (Simpaticul domn R)',47,'Espasa',51,'2019-03-14',10.00),('907961925-6','English Patient, The',48,'Siruela',183,'2024-02-20',13.00),('911435546-9','Oh My God',151,'La casa del libro ',108,'2021-12-19',27.00),('912265156-X','The Private Life of Deer',83,'Siruela',164,'2017-04-17',15.00),('921951132-0','Major League: Back to the Minors',38,'Libros del Esteroide',5,'2018-07-19',13.00),('925750760-2','Physician, The',71,'Libros del Esteroide',37,'2015-11-20',18.00),('926845713-X','Missing Picture, The (L\'image manquante)',108,'Lumen',8,'2017-06-05',20.00),('928643489-8','Bone Collector, The',37,'Siruela',162,'2018-04-17',21.00),('929237590-3','Exit',301,'Nube de tinta',98,'2016-03-26',11.00),('930242179-1','Above the Rim',88,'Acantilado',23,'2017-02-26',8.00),('930582498-6','Above and Beyond',76,'Pagina de espuma',66,'2023-11-19',28.00),('933127287-1','Thanks for Sharing',322,'Pagina de espuma',22,'2024-11-20',9.00),('933472763-2','Bloodlust: Subspecies III',458,'Espasa',98,'2023-11-13',16.00),('935872499-4','Lilting',337,'Espasa',3,'2017-08-23',8.00),('946313498-0','Are All Men Pedophiles',330,'Lumen',37,'2016-03-04',24.00),('947304550-6','Illustrated Man, The',142,'Ediciones B',129,'2022-12-17',24.00),('948442542-9','Teddy Bear (10 timer til Paradis)',273,'Lumen',150,'2019-06-22',24.00),('951444890-1','George Harrison: Living in the Material World',481,'Siruela',155,'2021-06-07',22.00),('953386491-5','Report on the Party and the Guests, A (O slavnosti a hostech)',43,'Pagina de espuma',88,'2017-08-15',26.00),('956926002-5','AKA',381,'Espasa',139,'2017-01-17',20.00),('958142260-9','Walk Hard: The Dewey Cox Story',312,'Nube de tinta',133,'2016-02-18',22.00),('958210578-X','Breathe In',135,'Ediciones Salamandra',9,'2022-11-01',9.00),('958226978-2','Wise Guys',485,'Ediciones B',71,'2019-10-18',24.00),('959969455-4','4 Little Girls',30,'Ediciones B',112,'2018-06-23',18.00),('960230198-8','Panic in Needle Park, The',68,'RBA',147,'2022-07-02',27.00),('972655804-2','Zero',230,'Ediciones B',137,'2020-03-02',27.00),('973208358-1','Black Like Me',269,'Espasa',176,'2015-12-19',28.00),('978725256-3','North Dallas Forty',472,'La casa del libro ',8,'2023-07-12',11.00),('9788427053083','Un verano en el campamento',2,'Siruela',50,'2024-08-04',20.00),('979260613-0','Bride & Prejudice',400,'Nube de tinta',120,'2019-04-28',29.00),('983034988-8','Kiss of Death',262,'Lumen',85,'2019-09-08',17.00),('984999426-6','Night Crossing',199,'Pagina de espuma',105,'2018-06-30',21.00),('985199101-5','Blueprint for Murder, A',474,'Ediciones B',143,'2024-10-09',30.00),('986932282-4','Cardinal, The',150,'Libros del Esteroide',79,'2015-03-16',30.00),('986972656-9','The Last Diamond',55,'Nube de tinta',63,'2020-05-17',21.00),('989217825-4','Into the Storm',79,'Nube de tinta',84,'2022-10-17',24.00),('989502434-7','Your Vice is a Locked Room and Only I Have the Key',128,'Libros del Esteroide',80,'2024-01-26',27.00),('990283118-4','Inherit the Wind',437,'Siruela',51,'2023-06-29',13.00),('990954736-8','Sphere',235,'RBA',164,'2016-08-05',18.00),('991754814-9','Superman IV: The Quest for Peace',81,'RBA',66,'2022-03-31',8.00),('993943344-1','Snake Woman\'s Curse',245,'Ediciones Salamandra',28,'2019-04-16',8.00),('997609687-9','Left Hand of God, The',358,'RBA',105,'2022-09-19',11.00),('998232681-3','Sinbad of the Seven Seas',282,'Libros del Esteroide',189,'2019-10-08',13.00),('998785335-8','It\'s Impossible to Learn to Plow by Reading Books',261,'La casa del libro ',102,'2017-07-09',8.00),('999409020-8','Demons 2 (Dèmoni 2... l\'incubo ritorna)',229,'Lumen',40,'2020-12-24',22.00);
/*!40000 ALTER TABLE `LIBRO_EN_VENTA` ENABLE KEYS */;
UNLOCK TABLES;

--
-- Table structure for table `VENTA`
--

DROP TABLE IF EXISTS `VENTA`;
/*!40101 SET @saved_cs_client     = @@character_set_client */;
/*!50503 SET character_set_client = utf8mb4 */;
CREATE TABLE `VENTA` (
  `ID_venta` int NOT NULL,
  `Fecha_venta` date DEFAULT NULL,
  `Precio_total` decimal(10,2) DEFAULT NULL,
  `ID_cliente` int DEFAULT NULL,
  PRIMARY KEY (`ID_venta`),
  KEY `VENTA_CLIENTE_FK` (`ID_cliente`),
  CONSTRAINT `VENTA_CLIENTE_FK` FOREIGN KEY (`ID_cliente`) REFERENCES `CLIENTE` (`ID_cliente`) ON DELETE CASCADE ON UPDATE CASCADE
) ENGINE=InnoDB DEFAULT CHARSET=utf8mb3;
/*!40101 SET character_set_client = @saved_cs_client */;

--
-- Dumping data for table `VENTA`
--

LOCK TABLES `VENTA` WRITE;
/*!40000 ALTER TABLE `VENTA` DISABLE KEYS */;
INSERT INTO `VENTA` VALUES (1,'2024-08-14',75.00,500),(2,'2024-09-26',40.00,499),(3,'2024-12-17',10.00,498),(4,'2024-01-26',16.00,497),(5,'2024-03-16',11.00,496),(6,'2024-07-17',9.00,495),(7,'2024-10-02',20.00,494),(8,'2024-10-30',56.00,493),(9,'2024-01-05',54.00,492),(10,'2024-09-25',27.00,491),(11,'2024-04-01',22.00,490),(12,'2024-03-02',13.00,489),(13,'2024-09-02',16.00,488),(14,'2024-07-12',9.00,487),(15,'2024-11-11',29.00,486),(16,'2024-08-06',18.00,485),(17,'2024-01-28',23.00,484),(18,'2024-02-15',44.00,483),(19,'2024-07-18',38.00,482),(20,'2024-04-26',630.00,481),(21,'2024-04-04',12.00,480),(22,'2024-06-21',40.00,479),(23,'2024-08-28',26.00,478),(24,'2024-02-17',20.00,477),(25,'2024-05-21',18.00,476),(26,'2024-07-27',27.00,475),(27,'2024-02-02',16.00,474),(28,'2024-03-23',12.00,473),(29,'2024-09-16',11.00,472),(30,'2024-05-17',10.00,471),(31,'2024-09-08',13.00,470),(32,'2024-01-13',30.00,469),(33,'2024-04-30',24.00,468),(34,'2024-06-09',54.00,467),(35,'2024-08-18',14.00,466),(36,'2024-11-23',18.00,465),(37,'2024-04-04',34.00,464),(38,'2024-10-07',24.00,463),(39,'2024-04-08',34.00,462),(40,'2024-04-02',23.00,461),(41,'2024-11-27',32.00,460),(42,'2024-11-30',15.00,459),(43,'2024-03-08',24.00,458),(44,'2024-05-30',18.00,457),(45,'2024-09-11',10.00,456),(46,'2024-12-02',20.00,455),(47,'2024-02-06',52.00,454),(48,'2024-07-18',38.00,453),(49,'2024-02-20',46.00,452),(50,'2024-11-11',32.00,451),(51,'2024-08-06',32.00,450),(52,'2024-09-20',34.00,449),(53,'2024-06-02',48.00,448),(54,'2024-02-11',28.00,447),(55,'2024-01-20',22.00,446),(56,'2024-07-10',22.00,445),(57,'2024-02-12',18.00,444),(58,'2024-07-31',30.00,443),(59,'2024-03-27',22.00,442),(60,'2024-01-27',26.00,441),(61,'2024-07-25',26.00,440),(62,'2024-05-14',10.00,439),(63,'2024-06-07',28.00,438),(64,'2024-11-08',29.00,437),(65,'2024-01-07',26.00,436),(66,'2024-12-15',8.00,435),(67,'2024-01-12',48.00,434),(68,'2024-04-03',22.00,433),(69,'2024-08-11',21.00,432),(70,'2024-08-10',10.00,431),(71,'2024-06-26',15.00,430),(72,'2024-11-15',10.00,429),(73,'2024-02-04',58.00,428),(74,'2024-03-19',26.00,427),(75,'2024-01-29',48.00,426),(76,'2024-10-05',26.00,425),(77,'2024-02-17',58.00,424),(78,'2024-03-21',13.00,423),(79,'2024-09-07',22.00,422),(80,'2024-01-29',60.00,421),(81,'2024-12-07',8.00,420),(82,'2024-01-16',22.00,419),(83,'2024-03-25',38.00,418),(84,'2024-10-27',23.00,417),(85,'2024-08-10',29.00,416),(86,'2024-02-09',21.00,415),(87,'2024-01-13',9.00,414),(88,'2024-10-13',24.00,413),(89,'2024-06-12',27.00,412),(90,'2024-03-02',28.00,411),(91,'2024-02-18',14.00,410),(92,'2024-05-24',16.00,409),(93,'2024-08-15',32.00,408),(94,'2024-12-17',12.00,407),(95,'2024-02-15',42.00,406),(96,'2024-09-28',22.00,405),(97,'2025-01-01',27.00,404),(98,'2024-12-14',18.00,403),(99,'2024-02-05',16.00,402),(100,'2024-10-18',40.00,401),(101,'2024-10-06',30.00,400),(102,'2024-01-22',28.00,399),(103,'2024-12-25',26.00,398),(104,'2024-03-12',24.00,397),(105,'2024-11-07',32.00,396),(106,'2024-11-07',11.00,395),(107,'2024-12-09',9.00,394),(108,'2024-05-24',58.00,393),(109,'2024-03-18',8.00,392),(110,'2024-08-06',27.00,391),(111,'2024-07-01',18.00,390),(112,'2024-12-09',28.00,389),(113,'2024-12-17',48.00,388),(114,'2024-04-17',26.00,387),(115,'2024-12-23',18.00,386),(116,'2024-07-02',11.00,385),(117,'2024-04-22',36.00,384),(118,'2024-10-04',28.00,383),(119,'2024-01-10',34.00,382),(120,'2024-12-03',32.00,381),(121,'2024-02-26',60.00,380),(122,'2024-03-02',28.00,379),(123,'2024-10-13',58.00,378),(124,'2024-03-20',29.00,377),(125,'2024-11-19',20.00,376),(126,'2024-06-16',44.00,375),(127,'2024-01-29',16.00,374),(128,'2024-05-29',16.00,373),(129,'2024-12-14',28.00,372),(130,'2024-03-07',52.00,371),(131,'2024-10-31',18.00,370),(132,'2024-11-19',16.00,369),(133,'2024-08-30',52.00,368),(134,'2024-10-19',10.00,367),(135,'2024-06-30',8.00,366),(136,'2024-06-04',40.00,365),(137,'2024-11-02',46.00,364),(138,'2024-05-20',28.00,363),(139,'2024-12-02',44.00,362),(140,'2024-04-10',10.00,361),(141,'2024-11-14',15.00,360),(142,'2024-07-21',21.00,359),(143,'2024-08-31',44.00,358),(144,'2024-04-03',30.00,357),(145,'2024-10-25',48.00,356),(146,'2024-10-18',13.00,355),(147,'2024-05-15',24.00,354),(148,'2024-08-15',52.00,353),(149,'2024-09-23',18.00,352),(150,'2024-08-08',27.00,351),(151,'2024-11-21',26.00,350),(152,'2024-03-04',27.00,349),(153,'2024-09-25',16.00,348),(154,'2024-11-30',20.00,347),(155,'2024-04-16',36.00,346),(156,'2024-02-24',10.00,345),(157,'2024-10-22',60.00,344),(158,'2024-10-30',32.00,343),(159,'2024-09-14',12.00,342),(160,'2024-08-20',44.00,341),(161,'2024-11-04',58.00,340),(162,'2024-11-26',48.00,339),(163,'2024-03-28',13.00,338),(164,'2024-08-24',52.00,337),(165,'2024-11-26',9.00,336),(166,'2024-04-28',16.00,335),(167,'2024-11-09',52.00,334),(168,'2024-06-23',30.00,333),(169,'2024-10-01',24.00,332),(170,'2024-09-29',36.00,331),(171,'2024-11-07',17.00,330),(172,'2024-07-14',42.00,329),(173,'2024-10-24',27.00,328),(174,'2024-02-06',26.00,327),(175,'2024-06-24',56.00,326),(176,'2024-06-18',16.00,325),(177,'2024-05-17',48.00,324),(178,'2024-01-26',17.00,323),(179,'2024-06-02',10.00,322),(180,'2024-03-30',52.00,321),(181,'2024-02-12',26.00,320),(182,'2024-02-29',10.00,319),(183,'2024-06-24',48.00,318),(184,'2024-01-07',23.00,317),(185,'2024-06-29',13.00,316),(186,'2024-07-14',8.00,315),(187,'2024-05-25',18.00,314),(188,'2024-12-10',22.00,313),(189,'2024-06-17',48.00,312),(190,'2024-12-14',28.00,311),(191,'2024-02-23',27.00,310),(192,'2024-03-09',26.00,309),(193,'2024-12-31',30.00,308),(194,'2024-11-20',22.00,307),(195,'2024-01-13',21.00,306),(196,'2024-12-07',17.00,305),(197,'2024-01-26',42.00,304),(198,'2024-09-25',26.00,303),(199,'2024-04-03',58.00,302),(200,'2024-07-18',38.00,301),(201,'2024-09-22',58.00,300),(202,'2024-12-29',28.00,299),(203,'2024-07-18',46.00,298),(204,'2024-09-05',56.00,297),(205,'2024-03-06',28.00,296),(206,'2024-11-27',27.00,295),(207,'2024-10-26',30.00,294),(208,'2024-04-07',21.00,293),(209,'2024-02-27',16.00,292),(210,'2024-05-28',29.00,291),(211,'2024-08-27',56.00,290),(212,'2024-04-04',15.00,289),(213,'2024-08-31',30.00,288),(214,'2024-02-06',28.00,287),(215,'2024-02-19',48.00,286),(216,'2024-03-02',28.00,285),(217,'2024-10-17',58.00,284),(218,'2024-01-21',42.00,283),(219,'2024-02-01',20.00,282),(220,'2024-09-02',12.00,281),(221,'2024-06-23',24.00,280),(222,'2024-04-19',18.00,279),(223,'2024-12-24',17.00,278),(224,'2024-03-01',54.00,277),(225,'2024-02-25',16.00,276),(226,'2024-01-04',8.00,275),(227,'2024-05-14',16.00,274),(228,'2024-04-03',52.00,273),(229,'2024-07-24',28.00,272),(230,'2024-01-19',38.00,271),(231,'2024-12-06',56.00,270),(232,'2024-07-01',22.00,269),(233,'2024-05-30',48.00,268),(234,'2024-10-26',30.00,267),(235,'2024-01-19',42.00,266),(236,'2025-01-03',17.00,265),(237,'2024-02-26',16.00,264),(238,'2024-10-25',23.00,263),(239,'2024-07-19',24.00,262),(240,'2024-01-19',9.00,261),(241,'2024-05-03',24.00,260),(242,'2024-01-18',26.00,259),(243,'2024-09-28',56.00,258),(244,'2024-09-30',16.00,257),(245,'2024-11-10',46.00,256),(246,'2024-08-04',13.00,255),(247,'2024-06-17',28.00,254),(248,'2024-02-25',24.00,253),(249,'2024-10-02',54.00,252),(250,'2024-08-10',21.00,251),(251,'2024-12-24',20.00,250),(252,'2024-05-31',46.00,249),(253,'2024-08-15',23.00,248),(254,'2024-12-14',11.00,247),(255,'2024-12-07',42.00,246),(256,'2024-04-30',20.00,245),(257,'2024-06-03',16.00,244),(258,'2024-03-20',24.00,243),(259,'2024-07-31',24.00,242),(260,'2024-09-12',9.00,241),(261,'2024-06-28',16.00,240),(262,'2024-09-11',60.00,239),(263,'2024-07-10',24.00,238),(264,'2024-03-08',15.00,237),(265,'2024-03-03',56.00,236),(266,'2024-09-13',21.00,235),(267,'2024-10-19',56.00,234),(268,'2024-09-02',52.00,233),(269,'2024-07-23',16.00,232),(270,'2024-11-22',48.00,231),(271,'2024-03-29',9.00,230),(272,'2024-01-08',18.00,229),(273,'2024-12-04',30.00,228),(274,'2024-11-15',38.00,227),(275,'2024-07-25',15.00,226),(276,'2024-04-03',24.00,225),(277,'2024-08-17',24.00,224),(278,'2024-08-21',21.00,223),(279,'2024-05-21',17.00,222),(280,'2024-05-11',18.00,221),(281,'2024-02-26',22.00,220),(282,'2024-04-07',20.00,219),(283,'2024-12-13',18.00,218),(284,'2024-08-15',24.00,217),(285,'2024-01-28',11.00,216),(286,'2024-04-16',44.00,215),(287,'2024-01-24',56.00,214),(288,'2024-01-22',26.00,213),(289,'2024-05-06',38.00,212),(290,'2024-04-26',60.00,211),(291,'2024-06-14',44.00,210),(292,'2024-08-25',32.00,209),(293,'2024-01-19',20.00,208),(294,'2024-05-06',36.00,207),(295,'2024-09-28',8.00,206),(296,'2024-10-05',60.00,205),(297,'2024-09-03',16.00,204),(298,'2024-12-06',34.00,203),(299,'2024-10-13',11.00,202),(300,'2024-09-06',24.00,201),(301,'2024-11-09',56.00,200),(302,'2024-08-02',13.00,199),(303,'2024-03-29',27.00,198),(304,'2024-02-16',10.00,197),(305,'2024-06-20',48.00,196),(306,'2024-10-09',18.00,195),(307,'2024-09-24',15.00,194),(308,'2024-11-20',52.00,193),(309,'2024-05-24',46.00,192),(310,'2024-10-08',19.00,191),(311,'2024-04-07',30.00,190),(312,'2024-12-10',26.00,189),(313,'2024-07-16',26.00,188),(314,'2024-02-19',22.00,187),(315,'2024-04-28',60.00,186),(316,'2024-11-28',9.00,185),(317,'2024-06-26',15.00,184),(318,'2024-06-12',24.00,183),(319,'2024-05-03',34.00,182),(320,'2024-07-21',18.00,181),(321,'2024-03-19',56.00,180),(322,'2024-10-10',24.00,179),(323,'2024-07-28',16.00,178),(324,'2024-01-14',15.00,177),(325,'2024-04-23',26.00,176),(326,'2024-11-29',36.00,175),(327,'2024-07-26',12.00,174),(328,'2024-10-07',25.00,173),(329,'2024-05-19',10.00,172),(330,'2024-05-19',26.00,171),(331,'2024-02-10',8.00,170),(332,'2024-07-24',52.00,169),(333,'2024-10-25',30.00,168),(334,'2024-10-08',20.00,167),(335,'2024-09-17',42.00,166),(336,'2024-08-07',19.00,165),(337,'2024-03-20',18.00,164),(338,'2024-06-30',24.00,163),(339,'2024-05-14',19.00,162),(340,'2024-07-14',30.00,161),(341,'2024-04-12',26.00,160),(342,'2024-01-24',32.00,159),(343,'2024-03-04',20.00,158),(344,'2024-10-22',26.00,157),(345,'2024-02-20',23.00,156),(346,'2024-06-09',32.00,155),(347,'2024-12-29',52.00,154),(348,'2024-11-27',54.00,153),(349,'2024-09-23',10.00,152),(350,'2024-08-10',13.00,151),(351,'2024-12-31',30.00,150),(352,'2024-04-07',54.00,149),(353,'2024-03-07',20.00,148),(354,'2024-02-11',18.00,147),(355,'2024-10-31',36.00,146),(356,'2024-01-07',46.00,145),(357,'2024-06-01',17.00,144),(358,'2024-07-27',21.00,143),(359,'2024-06-18',11.00,142),(360,'2024-05-23',10.00,141),(361,'2024-07-03',30.00,140),(362,'2024-02-14',52.00,139),(363,'2024-03-16',20.00,138),(364,'2024-01-29',26.00,137),(365,'2024-01-11',44.00,136),(366,'2025-01-02',17.00,135),(367,'2024-03-02',18.00,134),(368,'2024-08-12',56.00,133),(369,'2024-12-08',36.00,132),(370,'2024-10-09',42.00,131),(371,'2024-07-03',13.00,130),(372,'2024-10-01',20.00,129),(373,'2024-07-19',44.00,128),(374,'2024-07-17',52.00,127),(375,'2024-06-13',38.00,126),(376,'2024-05-23',28.00,125),(377,'2024-03-11',11.00,124),(378,'2024-08-14',48.00,123),(379,'2024-01-12',46.00,122),(380,'2024-11-05',38.00,121),(381,'2024-07-04',23.00,120),(382,'2024-08-23',18.00,119),(383,'2024-01-29',16.00,118),(384,'2024-04-04',10.00,117),(385,'2024-08-12',22.00,116),(386,'2024-08-10',52.00,115),(387,'2024-10-19',18.00,114),(388,'2024-11-19',50.00,113),(389,'2024-11-17',29.00,112),(390,'2024-04-21',24.00,111),(391,'2024-09-20',48.00,110),(392,'2024-03-28',48.00,109),(393,'2024-08-10',22.00,108),(394,'2024-07-18',20.00,107),(395,'2024-10-25',19.00,106),(396,'2024-04-08',32.00,105),(397,'2024-01-08',28.00,104),(398,'2024-04-30',22.00,103),(399,'2024-05-01',36.00,102),(400,'2024-02-16',32.00,101),(401,'2024-06-01',9.00,100),(402,'2024-06-06',23.00,99),(403,'2024-05-13',22.00,98),(404,'2024-01-17',32.00,97),(405,'2024-01-26',13.00,96),(406,'2024-04-30',58.00,95),(407,'2024-09-14',46.00,94),(408,'2024-06-09',18.00,93),(409,'2024-05-30',24.00,92),(410,'2024-04-23',22.00,91),(411,'2024-09-13',58.00,90),(412,'2024-10-10',24.00,89),(413,'2024-07-15',16.00,88),(414,'2024-10-13',48.00,87),(415,'2024-11-14',16.00,86),(416,'2024-10-25',11.00,85),(417,'2024-03-30',46.00,84),(418,'2024-09-06',13.00,83),(419,'2024-05-06',19.00,82),(420,'2024-02-25',26.00,81),(421,'2024-04-03',13.00,80),(422,'2024-05-27',10.00,79),(423,'2024-08-28',8.00,78),(424,'2024-05-05',21.00,77),(425,'2024-07-21',18.00,76),(426,'2024-03-06',48.00,75),(427,'2024-05-22',21.00,74),(428,'2024-03-03',24.00,73),(429,'2024-07-13',22.00,72),(430,'2024-10-07',19.00,71),(431,'2024-02-24',28.00,70),(432,'2024-09-03',54.00,69),(433,'2024-07-09',29.00,68),(434,'2024-02-28',20.00,67),(435,'2024-08-12',17.00,66),(436,'2024-06-12',26.00,65),(437,'2024-01-23',13.00,64),(438,'2024-08-12',46.00,63),(439,'2024-04-14',24.00,62),(440,'2024-04-24',34.00,61),(441,'2024-03-06',19.00,60),(442,'2024-08-06',18.00,59),(443,'2024-03-24',26.00,58),(444,'2024-04-05',38.00,57),(445,'2024-05-19',52.00,56),(446,'2024-01-28',52.00,55),(447,'2024-03-04',24.00,54),(448,'2024-05-16',23.00,53),(449,'2024-02-03',18.00,52),(450,'2024-08-19',38.00,51),(451,'2024-09-24',58.00,50),(452,'2024-08-29',16.00,49),(453,'2024-03-18',50.00,48),(454,'2024-02-05',50.00,47),(455,'2024-09-07',20.00,46),(456,'2024-10-16',11.00,45),(457,'2024-09-05',9.00,44),(458,'2024-06-05',18.00,43),(459,'2024-10-29',20.00,42),(460,'2024-10-10',20.00,41),(461,'2024-03-03',24.00,40),(462,'2024-01-21',9.00,39),(463,'2024-09-15',30.00,38),(464,'2024-08-05',17.00,37),(465,'2024-03-15',24.00,36),(466,'2024-12-05',32.00,35),(467,'2024-05-23',22.00,34),(468,'2024-08-24',18.00,33),(469,'2024-03-06',8.00,32),(470,'2024-10-23',16.00,31),(471,'2024-04-30',38.00,30),(472,'2024-07-01',14.00,29),(473,'2024-01-30',18.00,28),(474,'2024-01-11',25.00,27),(475,'2024-03-07',17.00,26),(476,'2024-03-03',32.00,25),(477,'2024-11-12',24.00,24),(478,'2024-03-20',14.00,23),(479,'2024-01-22',19.00,22),(480,'2024-03-13',15.00,21),(481,'2024-01-05',13.00,20),(482,'2024-06-23',38.00,19),(483,'2024-06-11',30.00,18),(484,'2024-09-22',24.00,17),(485,'2024-06-14',20.00,16),(486,'2024-08-30',28.00,15),(487,'2024-02-04',19.00,14),(488,'2024-03-21',26.00,13),(489,'2024-04-13',34.00,12),(490,'2024-04-18',20.00,11),(491,'2024-09-20',42.00,10),(492,'2024-05-01',23.00,9),(493,'2024-03-23',13.00,8),(494,'2024-10-23',14.00,7),(495,'2024-12-17',52.00,6),(496,'2024-09-10',48.00,5),(497,'2024-06-18',22.00,4),(498,'2024-05-26',38.00,3),(499,'2024-03-16',16.00,2),(500,'2024-06-13',124.00,1),(501,'2024-08-14',30.00,500);
/*!40000 ALTER TABLE `VENTA` ENABLE KEYS */;
UNLOCK TABLES;

--
-- Temporary view structure for view `autores_top_ingresos`
--

DROP TABLE IF EXISTS `autores_top_ingresos`;
/*!50001 DROP VIEW IF EXISTS `autores_top_ingresos`*/;
SET @saved_cs_client     = @@character_set_client;
/*!50503 SET character_set_client = utf8mb4 */;
/*!50001 CREATE VIEW `autores_top_ingresos` AS SELECT 
 1 AS `ID_autor`,
 1 AS `autor`,
 1 AS `ingresos_totales`*/;
SET character_set_client = @saved_cs_client;

--
-- Temporary view structure for view `libros_mas_vendidos`
--

DROP TABLE IF EXISTS `libros_mas_vendidos`;
/*!50001 DROP VIEW IF EXISTS `libros_mas_vendidos`*/;
SET @saved_cs_client     = @@character_set_client;
/*!50503 SET character_set_client = utf8mb4 */;
/*!50001 CREATE VIEW `libros_mas_vendidos` AS SELECT 
 1 AS `ISBN`,
 1 AS `Titulo`,
 1 AS `total_vendido`*/;
SET character_set_client = @saved_cs_client;

--
-- Dumping routines for database 'libreria'
--
/*!50003 DROP FUNCTION IF EXISTS `nombre_completoCL` */;
/*!50003 SET @saved_cs_client      = @@character_set_client */ ;
/*!50003 SET @saved_cs_results     = @@character_set_results */ ;
/*!50003 SET @saved_col_connection = @@collation_connection */ ;
/*!50003 SET character_set_client  = utf8mb4 */ ;
/*!50003 SET character_set_results = utf8mb4 */ ;
/*!50003 SET collation_connection  = utf8mb4_0900_ai_ci */ ;
/*!50003 SET @saved_sql_mode       = @@sql_mode */ ;
/*!50003 SET sql_mode              = 'ONLY_FULL_GROUP_BY,STRICT_TRANS_TABLES,NO_ZERO_IN_DATE,NO_ZERO_DATE,ERROR_FOR_DIVISION_BY_ZERO,NO_ENGINE_SUBSTITUTION' */ ;
DELIMITER ;;
CREATE DEFINER=`admin_m`@`%` FUNCTION `nombre_completoCL`(cliente_id int) RETURNS varchar(255) CHARSET utf8mb4
    DETERMINISTIC
begin
	declare nombre_completo varchar(255);

	select CONCAT_WS(' ', c.Nombre, c.Apellido1, c.Apellido2) into nombre_completo
	from CLIENTE c 
	where c.ID_cliente = cliente_id;
	
	return nombre_completo;
end ;;
DELIMITER ;
/*!50003 SET sql_mode              = @saved_sql_mode */ ;
/*!50003 SET character_set_client  = @saved_cs_client */ ;
/*!50003 SET character_set_results = @saved_cs_results */ ;
/*!50003 SET collation_connection  = @saved_col_connection */ ;
/*!50003 DROP FUNCTION IF EXISTS `stock_libro` */;
/*!50003 SET @saved_cs_client      = @@character_set_client */ ;
/*!50003 SET @saved_cs_results     = @@character_set_results */ ;
/*!50003 SET @saved_col_connection = @@collation_connection */ ;
/*!50003 SET character_set_client  = utf8mb4 */ ;
/*!50003 SET character_set_results = utf8mb4 */ ;
/*!50003 SET collation_connection  = utf8mb4_0900_ai_ci */ ;
/*!50003 SET @saved_sql_mode       = @@sql_mode */ ;
/*!50003 SET sql_mode              = 'ONLY_FULL_GROUP_BY,STRICT_TRANS_TABLES,NO_ZERO_IN_DATE,NO_ZERO_DATE,ERROR_FOR_DIVISION_BY_ZERO,NO_ENGINE_SUBSTITUTION' */ ;
DELIMITER ;;
CREATE DEFINER=`admin_m`@`%` FUNCTION `stock_libro`(isbn_input varchar(20)) RETURNS int
    DETERMINISTIC
begin
	declare stock_actual int;

	select l.Stock into stock_actual
	from LIBRO_EN_VENTA l
	where l.ISBN = isbn_input; 
	
	return ifnull(stock_actual, 0);
end ;;
DELIMITER ;
/*!50003 SET sql_mode              = @saved_sql_mode */ ;
/*!50003 SET character_set_client  = @saved_cs_client */ ;
/*!50003 SET character_set_results = @saved_cs_results */ ;
/*!50003 SET collation_connection  = @saved_col_connection */ ;
/*!50003 DROP PROCEDURE IF EXISTS `actualizar_stock` */;
/*!50003 SET @saved_cs_client      = @@character_set_client */ ;
/*!50003 SET @saved_cs_results     = @@character_set_results */ ;
/*!50003 SET @saved_col_connection = @@collation_connection */ ;
/*!50003 SET character_set_client  = utf8mb4 */ ;
/*!50003 SET character_set_results = utf8mb4 */ ;
/*!50003 SET collation_connection  = utf8mb4_0900_ai_ci */ ;
/*!50003 SET @saved_sql_mode       = @@sql_mode */ ;
/*!50003 SET sql_mode              = 'ONLY_FULL_GROUP_BY,STRICT_TRANS_TABLES,NO_ZERO_IN_DATE,NO_ZERO_DATE,ERROR_FOR_DIVISION_BY_ZERO,NO_ENGINE_SUBSTITUTION' */ ;
DELIMITER ;;
CREATE DEFINER=`admin_m`@`%` PROCEDURE `actualizar_stock`(
	in p_isbn varchar(20),
	in p_nuevo_stock int
)
begin 
	update LIBRO_EN_VENTA l 
	set Stock = p_nuevo_stock 
	where l.ISBN = p_isbn;
end ;;
DELIMITER ;
/*!50003 SET sql_mode              = @saved_sql_mode */ ;
/*!50003 SET character_set_client  = @saved_cs_client */ ;
/*!50003 SET character_set_results = @saved_cs_results */ ;
/*!50003 SET collation_connection  = @saved_col_connection */ ;
/*!50003 DROP PROCEDURE IF EXISTS `agregar_libro` */;
/*!50003 SET @saved_cs_client      = @@character_set_client */ ;
/*!50003 SET @saved_cs_results     = @@character_set_results */ ;
/*!50003 SET @saved_col_connection = @@collation_connection */ ;
/*!50003 SET character_set_client  = utf8mb4 */ ;
/*!50003 SET character_set_results = utf8mb4 */ ;
/*!50003 SET collation_connection  = utf8mb4_0900_ai_ci */ ;
/*!50003 SET @saved_sql_mode       = @@sql_mode */ ;
/*!50003 SET sql_mode              = 'ONLY_FULL_GROUP_BY,STRICT_TRANS_TABLES,NO_ZERO_IN_DATE,NO_ZERO_DATE,ERROR_FOR_DIVISION_BY_ZERO,NO_ENGINE_SUBSTITUTION' */ ;
DELIMITER ;;
CREATE DEFINER=`admin_m`@`%` PROCEDURE `agregar_libro`(
	in p_isbn varchar(20),
	in p_titulo varchar(255),
	in p_id_autor int,
	in p_editorial varchar(100),
	in p_stock int,
	in p_fecha date,
	in p_precio decimal(10,2)
)
begin
	insert into LIBRO_EN_VENTA (ISBN, Titulo, id_autor, Editorial, Stock, Fecha_publicacion, Precio_recomendado)
	values (p_isbn, p_titulo, p_id_autor, p_editorial, p_stock, p_fecha, p_precio);
end ;;
DELIMITER ;
/*!50003 SET sql_mode              = @saved_sql_mode */ ;
/*!50003 SET character_set_client  = @saved_cs_client */ ;
/*!50003 SET character_set_results = @saved_cs_results */ ;
/*!50003 SET collation_connection  = @saved_col_connection */ ;
/*!50003 DROP PROCEDURE IF EXISTS `detalle_venta` */;
/*!50003 SET @saved_cs_client      = @@character_set_client */ ;
/*!50003 SET @saved_cs_results     = @@character_set_results */ ;
/*!50003 SET @saved_col_connection = @@collation_connection */ ;
/*!50003 SET character_set_client  = utf8mb4 */ ;
/*!50003 SET character_set_results = utf8mb4 */ ;
/*!50003 SET collation_connection  = utf8mb4_0900_ai_ci */ ;
/*!50003 SET @saved_sql_mode       = @@sql_mode */ ;
/*!50003 SET sql_mode              = 'ONLY_FULL_GROUP_BY,STRICT_TRANS_TABLES,NO_ZERO_IN_DATE,NO_ZERO_DATE,ERROR_FOR_DIVISION_BY_ZERO,NO_ENGINE_SUBSTITUTION' */ ;
DELIMITER ;;
CREATE DEFINER=`admin_m`@`%` PROCEDURE `detalle_venta`(in p_id_venta INT)
begin 
	select dv.id_venta , dv.ISBN , lev.Titulo , concat_ws(' ', a.Nombre,
	a.Apellido1, a.Apellido2) as autor, dv.cantidad , dv.Precio_unitario ,
	v.Precio_total as subtotal
	from DETALLE_VENTA dv inner join LIBRO_EN_VENTA lev 
	on dv.ISBN = lev.ISBN 
	inner join AUTOR a 
	on lev.id_autor = a.ID_autor 
	inner join VENTA v 
	on dv.id_venta = v.ID_venta 
	where dv.id_venta = p_id_venta;
end ;;
DELIMITER ;
/*!50003 SET sql_mode              = @saved_sql_mode */ ;
/*!50003 SET character_set_client  = @saved_cs_client */ ;
/*!50003 SET character_set_results = @saved_cs_results */ ;
/*!50003 SET collation_connection  = @saved_col_connection */ ;

--
-- Final view structure for view `autores_top_ingresos`
--

/*!50001 DROP VIEW IF EXISTS `autores_top_ingresos`*/;
/*!50001 SET @saved_cs_client          = @@character_set_client */;
/*!50001 SET @saved_cs_results         = @@character_set_results */;
/*!50001 SET @saved_col_connection     = @@collation_connection */;
/*!50001 SET character_set_client      = utf8mb4 */;
/*!50001 SET character_set_results     = utf8mb4 */;
/*!50001 SET collation_connection      = utf8mb4_0900_ai_ci */;
/*!50001 CREATE ALGORITHM=UNDEFINED */
/*!50013 DEFINER=`admin_m`@`%` SQL SECURITY DEFINER */
/*!50001 VIEW `autores_top_ingresos` AS select `a`.`ID_autor` AS `ID_autor`,concat_ws(' ',`a`.`Nombre`,`a`.`Apellido1`,`a`.`Apellido2`) AS `autor`,sum((`dv`.`cantidad` * `dv`.`Precio_unitario`)) AS `ingresos_totales` from ((`AUTOR` `a` join `LIBRO_EN_VENTA` `l` on((`a`.`ID_autor` = `l`.`id_autor`))) join `DETALLE_VENTA` `dv` on((`l`.`ISBN` = `dv`.`ISBN`))) group by `a`.`ID_autor`,`autor` order by `ingresos_totales` desc */;
/*!50001 SET character_set_client      = @saved_cs_client */;
/*!50001 SET character_set_results     = @saved_cs_results */;
/*!50001 SET collation_connection      = @saved_col_connection */;

--
-- Final view structure for view `libros_mas_vendidos`
--

/*!50001 DROP VIEW IF EXISTS `libros_mas_vendidos`*/;
/*!50001 SET @saved_cs_client          = @@character_set_client */;
/*!50001 SET @saved_cs_results         = @@character_set_results */;
/*!50001 SET @saved_col_connection     = @@collation_connection */;
/*!50001 SET character_set_client      = utf8mb4 */;
/*!50001 SET character_set_results     = utf8mb4 */;
/*!50001 SET collation_connection      = utf8mb4_0900_ai_ci */;
/*!50001 CREATE ALGORITHM=UNDEFINED */
/*!50013 DEFINER=`admin_m`@`%` SQL SECURITY DEFINER */
/*!50001 VIEW `libros_mas_vendidos` AS select `dv`.`ISBN` AS `ISBN`,`lev`.`Titulo` AS `Titulo`,sum(`dv`.`cantidad`) AS `total_vendido` from (`DETALLE_VENTA` `dv` join `LIBRO_EN_VENTA` `lev` on((`dv`.`ISBN` = `lev`.`ISBN`))) group by `dv`.`ISBN`,`lev`.`Titulo` order by `total_vendido` desc */;
/*!50001 SET character_set_client      = @saved_cs_client */;
/*!50001 SET character_set_results     = @saved_cs_results */;
/*!50001 SET collation_connection      = @saved_col_connection */;
/*!40103 SET TIME_ZONE=@OLD_TIME_ZONE */;

/*!40101 SET SQL_MODE=@OLD_SQL_MODE */;
/*!40014 SET FOREIGN_KEY_CHECKS=@OLD_FOREIGN_KEY_CHECKS */;
/*!40014 SET UNIQUE_CHECKS=@OLD_UNIQUE_CHECKS */;
/*!40101 SET CHARACTER_SET_CLIENT=@OLD_CHARACTER_SET_CLIENT */;
/*!40101 SET CHARACTER_SET_RESULTS=@OLD_CHARACTER_SET_RESULTS */;
/*!40101 SET COLLATION_CONNECTION=@OLD_COLLATION_CONNECTION */;
/*!40111 SET SQL_NOTES=@OLD_SQL_NOTES */;

-- Dump completed on 2025-05-06 13:16:55
